"skip","year","material","watershed","species","sample_wt_mg","C_ug","N_ug","C_mg_g","d13C_permil","d15N_permil","TrayName","WellID","enriched","plot","tree","OurLabID","analysis_number","sample_id","sample_number","d13C_comment","d15N_comment","source_file"
NA,2013,"foliage","WB","RS",4.29,2193.42290587097,45.6252231280772,511.287390645915,-26.6093853735726,1.48551553499709,"BBWM Foliage3","A1","yes","D20","20",680835,5084,"5100",5100,NA,NA,"SPENCER BBWM-FOLIAGE3 0314"
NA,2013,"foliage","WB","YB",4.18,2010.87211006608,102.552754332046,481.069882790929,-30.0219732536936,4.54204702075066,"BBWM Foliage3","A2","yes","D20","17",680836,5085,"5101",5101,NA,NA,"SPENCER BBWM-FOLIAGE3 0314"
NA,2013,"foliage","WB","AB",4.21,2006.93010140426,93.5112332642296,476.705487269419,-30.3907040699958,6.9072073382062,"BBWM Foliage3","A3","yes","E20","7",680837,5086,"5102",5102,NA,NA,"SPENCER BBWM-FOLIAGE3 0314"
"skip",2013,"foliage","WB","YB",4.34,2115.08702615595,82.2506916433308,487.347241049759,-28.2153080903882,10.2168927252425,"BBWM Foliage3","F6","yes","E20","1",680900,5163,"5103",5103,NA,NA,"SPENCER BBWM-FOLIAGE3 0314"
NA,2013,"foliage","WB","YB",3.97,1929.92472213703,106.642944632913,486.127134039553,-30.4562032476047,14.9737695336864,"BBWM Foliage3","A4","yes","E20","11",680838,5087,"5104",5104,NA,NA,"SPENCER BBWM-FOLIAGE3 0314"
NA,2013,"foliage","WB","RS",3.9,1896.27717891405,44.8576686086266,486.22491767027,-29.3325702946539,6.46303536048766,"BBWM Foliage3","A5","yes","F23","14",680839,5088,"5105",5105,NA,NA,"SPENCER BBWM-FOLIAGE3 0314"
NA,2013,"foliage","WB","RM",4.3,2115.08702615595,89.3818589579902,491.880703757199,-28.6418304111258,2.51600193753229,"BBWM Foliage3","A6","yes","F23","8",680840,5089,"5106",5106,NA,NA,"SPENCER BBWM-FOLIAGE3 0314"
NA,2013,"foliage","WB","RS",4.42,2212.9642834415,41.0994687780852,500.670652362329,-27.1525438994006,11.8295825656891,"BBWM Foliage3","A7","yes","F24","7",680841,5090,"5107",5107,NA,NA,"SPENCER BBWM-FOLIAGE3 0314"
NA,2013,"foliage","WB","YB",3.98,1882.40799714282,105.825886172874,472.966833452969,-29.4076500834099,9.75009907058213,"BBWM Foliage3","A8","yes","F24","11",680842,5091,"5108",5108,NA,NA,"SPENCER BBWM-FOLIAGE3 0314"
NA,2013,"foliage","WB","YB",4.2,2056.15622846511,126.910221112061,489.561006777406,-28.6007631615653,7.94404686064206,"BBWM Foliage3","A9","yes","F24","6",680843,5092,"5109",5109,NA,NA,"SPENCER BBWM-FOLIAGE3 0314"
NA,2013,"foliage","WB","RS",3.9,1963.52302859388,53.6181924433095,503.4674432292,-29.7662101981328,7.69215663412695,"BBWM Foliage3","A10","yes","H13","22",680844,5093,"5110",5110,NA,NA,"SPENCER BBWM-FOLIAGE3 0314"
NA,2013,"foliage","WB","RM",4.03,2016.78384528807,78.5048300286806,500.442641510688,-28.8245060583017,5.85810168672849,"BBWM Foliage3","A11","yes","H13","6",680845,5094,"5111",5111,NA,NA,"SPENCER BBWM-FOLIAGE3 0314"
NA,2013,"foliage","WB","SM",3.95,1874.47900228887,80.6703154344221,474.551646149081,-30.3716481859727,9.70297922307233,"BBWM Foliage3","A12","yes","I15","3",680846,5095,"5112",5112,NA,NA,"SPENCER BBWM-FOLIAGE3 0314"
NA,2013,"foliage","WB","AB",4.31,1973.39551311532,105.825886172874,457.86438819381,-30.4588288028406,20.3538637265232,"BBWM Foliage3","B1","yes","K15","3",680847,5099,"5113",5113,NA,NA,"SPENCER BBWM-FOLIAGE3 0314"
NA,2013,"foliage","WB","AB",3.99,1884.38981993272,110.720889932101,472.278150359077,-29.6449318000587,11.6502753991743,"BBWM Foliage3","B2","yes","K15","1",680848,5100,"5114",5114,NA,NA,"SPENCER BBWM-FOLIAGE3 0314"
NA,2013,"foliage","WB","SM",4.3,2115.08702615595,100.09276255072,491.880703757199,-31.1679980813425,3.57756573607636,"BBWM Foliage3","B3","yes","L13","6",680849,5101,"5115",5115,NA,NA,"SPENCER BBWM-FOLIAGE3 0314"
NA,2013,"foliage","WB","SM",3.98,1902.21855841738,80.4206207147828,477.944361411401,-29.5165148697784,1.79984011888864,"BBWM Foliage3","B4","yes","N10","5",680850,5102,"5116",5116,NA,NA,"SPENCER BBWM-FOLIAGE3 0314"
NA,2013,"foliage","WB","RM",4.33,2154.28903990005,84.5764442246489,497.526337159365,-28.3076026551991,8.19099111299748,"BBWM Foliage3","B5","yes","N11","10",680851,5103,"5117",5117,NA,NA,"SPENCER BBWM-FOLIAGE3 0314"
NA,2013,"foliage","WB","SM",4.03,1943.76528184353,92.6863380031161,482.32389127631,-29.349538818352,5.53291760256659,"BBWM Foliage3","B6","yes","N12","6",680852,5104,"5118",5118,NA,NA,"SPENCER BBWM-FOLIAGE3 0314"
NA,2013,"foliage","WB","RM",3.98,1933.88001961462,88.5545146965408,485.899502415734,-27.799198507622,2.83919407619923,"BBWM Foliage3","B7","yes","P11","2",680853,5105,"5119",5119,NA,NA,"SPENCER BBWM-FOLIAGE3 0314"
NA,2013,"foliage","WB","RS",4.11,2115.08702615595,58.4439144396346,514.619714393176,-28.8147492623948,4.4073845712295,"BBWM Foliage3","F7","yes","Q10","2",680901,5164,"5120",5120,NA,NA,"SPENCER BBWM-FOLIAGE3 0314"
NA,2013,"foliage","WB","AB",4.39,2134.69655149965,104.190299852595,486.263451366663,-29.7161342056869,1.82613873707405,"BBWM Foliage3","B8","yes","Q10","13",680854,5106,"5121",5121,NA,NA,"SPENCER BBWM-FOLIAGE3 0314"
NA,2013,"foliage","WB","AB",4.31,2030.57193120923,95.1595543862553,471.13037847082,-29.9726895107184,3.90611071682705,"BBWM Foliage3","B9","yes","Q10","5",680855,5107,"5122",5122,NA,NA,"SPENCER BBWM-FOLIAGE3 0314"
NA,2013,"foliage","WB","SM",4.14,1977.34331433786,92.6863380031161,477.619158052624,-30.4679927825588,2.05836547884864,"BBWM Foliage3","B10","yes","Q9","2",680856,5108,"5123",5123,NA,NA,"SPENCER BBWM-FOLIAGE3 0314"
NA,2013,"foliage","WB","RM",4.07,1922.01208274864,75.5009994519812,472.238840970182,-29.8238639810095,1.58606450075599,"BBWM Foliage3","F8","yes","Q9","1",680902,5165,"5124",5124,NA,NA,"SPENCER BBWM-FOLIAGE3 0314"
NA,2013,"foliage","EB","RS",4.3,2154.28903990005,48.2659852679904,500.997451139547,-28.4554151806557,8.73981188624129,"BBWM Foliage3","B11","yes","K23","12",680857,5109,"5125",5125,NA,NA,"SPENCER BBWM-FOLIAGE3 0314"
NA,2013,"foliage","EB","SM",3.9,1916.07581432831,80.2541330783532,491.301490853412,-29.7490837547477,1.45479490775582,"BBWM Foliage3","B12","yes","M16","5",680858,5110,"5126",5126,NA,NA,"SPENCER BBWM-FOLIAGE3 0314"
NA,2013,"foliage","EB","RM",4.22,2095.46046386896,84.2444289599214,496.554612291224,-29.9114317374847,1.78530338670912,"BBWM Foliage3","C1","yes","M16","1",680859,5114,"5127",5127,NA,NA,"SPENCER BBWM-FOLIAGE3 0314"
NA,2013,"foliage","EB","RS",3.9,1779.11844298921,27.0944149582495,456.18421615108,-28.5935040305927,9.6399737053881,"BBWM Foliage3","C2","yes","N21","8",680860,5115,"5128",5128,NA,NA,"SPENCER BBWM-FOLIAGE3 0314"
NA,2013,"foliage","EB","AB",4.39,2232.48862406872,119.649267184403,508.539549901759,-30.2096778555035,4.02837212856992,"BBWM Foliage3","C5","yes","N21","11",680863,5118,"5129",5129,NA,NA,"SPENCER BBWM-FOLIAGE3 0314"
NA,2013,"foliage","EB","YB",4.33,2075.81686463868,95.1595543862553,479.403432941959,-29.5948259892577,12.5275762841533,"BBWM Foliage3","C6","yes","N21","9",680864,5119,"5130",5130,NA,NA,"SPENCER BBWM-FOLIAGE3 0314"
NA,2013,"foliage","EB","YB",4.34,2115.08702615595,114.786590229609,487.347241049759,-30.9854868477805,6.83854191226735,"BBWM Foliage3","C7","yes","N21","12",680865,5120,"5131",5131,NA,NA,"SPENCER BBWM-FOLIAGE3 0314"
NA,2013,"foliage","EB","RM",4.4,2446.13193271085,86.0695431117897,555.939075616103,-27.0025286109164,1.66546628243491,"BBWM Foliage3","C8","yes","O14","2",680866,5121,"5132",5132,NA,NA,"SPENCER BBWM-FOLIAGE3 0314"
NA,2013,"foliage","EB","RM",4.05,2056.15622846511,88.5545146965408,507.69289591731,-29.1852091894502,-0.179907790210469,"BBWM Foliage3","C9","yes","O20","3",680867,5122,"5133",5133,NA,NA,"SPENCER BBWM-FOLIAGE3 0314"
NA,2013,"foliage","EB","SM",3.9,1818.89971280529,82.8324897917097,466.384541744946,-28.130206592659,-0.958202613264157,"BBWM Foliage3","C10","yes","P19","4",680868,5123,"5134",5134,NA,NA,"SPENCER BBWM-FOLIAGE3 0314"
NA,2013,"foliage","EB","AB",4,1862.58039892496,91.8609529419353,465.64509973124,-29.8791465835742,3.86280039624821,"BBWM Foliage3","C11","yes","P21","1",680869,5124,"5135",5135,NA,NA,"SPENCER BBWM-FOLIAGE3 0314"
NA,2013,"foliage","EB","AB",4.5,2134.69655149965,115.59826088891,474.377011444367,-29.4978538485697,14.4994331064469,"BBWM Foliage3","C12","yes","P21","2",680870,5125,"5136",5136,NA,NA,"SPENCER BBWM-FOLIAGE3 0314"
NA,2013,"foliage","EB","YB",4.23,2368.6819740471,100.09276255072,559.972097883475,-31.0042426602516,7.80169735860675,"BBWM Foliage3","D1","yes","P22","17",680871,5128,"5137",5137,NA,NA,"SPENCER BBWM-FOLIAGE3 0314"
NA,2013,"foliage","EB","RS",4.5,2212.9642834415,54.7201965338214,491.769840764777,-28.9524002104341,3.68185771971275,"BBWM Foliage3","D2","yes","P24","10",680872,5129,"5138",5138,NA,NA,"SPENCER BBWM-FOLIAGE3 0314"
NA,2013,"foliage","EB","AB",4.15,2075.81686463868,106.642944632913,500.196834852694,-30.1743004774501,2.89302553173256,"BBWM Foliage3","D3","yes","P24","1",680873,5130,"5139",5139,NA,NA,"SPENCER BBWM-FOLIAGE3 0314"
NA,2013,"foliage","EB","AB",3.8,1701.34895681527,95.1595543862553,447.723409688228,-30.2240786945028,4.74549955123924,"BBWM Foliage3","D4","yes","P24","2",680874,5131,"5140",5140,NA,NA,"SPENCER BBWM-FOLIAGE3 0314"
NA,2013,"foliage","EB","RM",4.53,2290.95942429065,93.5112332642296,505.730557238553,-28.0492587828287,0.0184707389062952,"BBWM Foliage3","D5","yes","Q18","3",680875,5132,"5141",5141,NA,NA,"SPENCER BBWM-FOLIAGE3 0314"
NA,2013,"foliage","EB","YB",4.04,1953.64628483662,100.09276255072,483.57581307837,-30.222029149858,8.53336125643452,"BBWM Foliage3","D6","yes","Q18","5",680876,5133,"5142",5142,NA,NA,"SPENCER BBWM-FOLIAGE3 0314"
NA,2013,"foliage","EB","YB",4.2,1997.07209828462,105.008337912768,475.493356734432,-29.0324640488693,3.59343628595506,"BBWM Foliage3","D7","yes","Q18","1",680877,5134,"5143",5143,NA,NA,"SPENCER BBWM-FOLIAGE3 0314"
NA,2013,"foliage","EB","SM",4.56,2232.48862406872,95.1595543862553,489.580838611562,-29.1748628619456,0.218427380732025,"BBWM Foliage3","D8","yes","Q19","6",680878,5135,"5144",5144,NA,NA,"SPENCER BBWM-FOLIAGE3 0314"
NA,2013,"foliage","EB","RM",3.91,1862.58039892496,66.0310752120211,476.363273382343,-28.2315027329739,1.05970405497954,"BBWM Foliage3","D9","yes","Q19","7",680879,5136,"5145",5145,NA,NA,"SPENCER BBWM-FOLIAGE3 0314"
NA,2013,"foliage","EB","SM",4.13,1874.47900228887,67.9636513464249,453.869007818128,-28.3034066203573,-0.196440122600492,"BBWM Foliage3","D10","yes","R15","13",680880,5137,"5146",5146,NA,NA,"SPENCER BBWM-FOLIAGE3 0314"
NA,2013,"foliage","EB","RS",4.49,2310.4156171447,42.8943379280058,514.569179764966,-27.3833313997228,5.03999948347255,"BBWM Foliage3","D11","yes","R20","31",680881,5138,"5147",5147,NA,NA,"SPENCER BBWM-FOLIAGE3 0314"
NA,2013,"foliage","EB","SM",4.34,2173.86449135716,88.5545146965408,500.890435796581,-28.0142445779441,-0.6071145155919,"BBWM Foliage3","D12","yes","S12","12",680882,5139,"5148",5148,NA,NA,"SPENCER BBWM-FOLIAGE3 0314"
NA,2013,"foliage","EB","RS",4.59,2561.79576240768,50.5621687714536,558.125438433046,-29.2408446193641,-0.180560840162833,"BBWM Foliage3","E1","yes","S22","11",680883,5143,"5149",5149,NA,NA,"SPENCER BBWM-FOLIAGE3 0314"
"skip",2013,"foliage","WB","RS",4.23,2753.2058564389,53.4485798824515,650.876088992649,-24.5238328065416,12.1218551811425,"BBWM Foliage3","F11","yes","F24","7",680905,5168,"R5107",5107,NA,NA,"SPENCER BBWM-FOLIAGE3 0314"
"skip",2013,"foliage","EB","YB",4.15,1840.75036321582,100.09276255072,443.554304389354,-30.8656202410522,6.65203482227684,"BBWM Foliage3","F12","yes","N21","12",680906,5169,"R5131",5131,NA,NA,"SPENCER BBWM-FOLIAGE3 0314"
NA,2014,"foliage","WB","RS",4.14,2120.68470552461,46.714877845043,512.242682493868,-28.415485648835,3.46127183325799,"BBWMFoliage4","A1","yes","D20","20",764185,146233,"5200",5200,NA,NA,"SPENCER BBWMFOLIAGE4 1014-2"
NA,2014,"foliage","WB","YB",4.21,1978.81597142597,94.5691653837993,470.027546656999,-30.3497333595023,5.40191201829086,"BBWMFoliage4","A2","yes","D20","17",764186,146234,"5201",5201,NA,NA,"SPENCER BBWMFOLIAGE4 1014-2"
NA,2014,"foliage","WB","AB",4.14,2043.2780981696,117.939254202956,493.545434340482,-32.1581479998532,3.51904642387372,"BBWMFoliage4","A3","yes","E20","7",764187,146235,"5202",5202,NA,NA,"SPENCER BBWMFOLIAGE4 1014-2"
NA,2014,"foliage","WB","YB",4.09,2017.48851517554,93.6665620032592,493.273475593041,-28.5087088668364,10.1613063745262,"BBWMFoliage4","A4","yes","E20","1",764188,146236,"5203",5203,NA,NA,"SPENCER BBWMFOLIAGE4 1014-2"
NA,2014,"foliage","WB","YB",4.34,2017.48851517554,114.356090564952,464.859104879156,-31.4106243415224,10.7629617174391,"BBWMFoliage4","A5","yes","E20","11",764189,146237,"5204",5204,NA,NA,"SPENCER BBWMFOLIAGE4 1014-2"
NA,2014,"foliage","WB","RS",4.18,1940.15762456621,40.1965281495531,464.152541762252,-27.4733461093299,4.92847000192417,"BBWMFoliage4","A6","yes","F23","14",764190,146238,"5205",5205,NA,NA,"SPENCER BBWMFOLIAGE4 1014-2"
NA,2014,"foliage","WB","RM",4.14,1759.93972031938,80.5475659881629,425.106212637533,-28.8240432797339,2.01328853169269,"BBWMFoliage4","A7","yes","F23","8",764191,146239,"5206",5206,NA,NA,"SPENCER BBWMFOLIAGE4 1014-2"
NA,2014,"foliage","WB","RS",3.95,1965.92827837385,38.725668976618,497.703361613632,-25.8848600077178,10.3940867000322,"BBWMFoliage4","A8","yes","F24","7",764192,146240,"5207",5207,NA,NA,"SPENCER BBWMFOLIAGE4 1014-2"
NA,2014,"foliage","WB","YB",4.18,1991.70524191029,123.30565785869,476.48450763404,-28.9203995296884,14.7840235951043,"BBWMFoliage4","A9","yes","F24","11",764193,146241,"5208",5208,NA,NA,"SPENCER BBWMFOLIAGE4 1014-2"
NA,2014,"foliage","WB","YB",4.23,2017.48851517554,125.985105875985,476.947639521404,-29.4542730564422,6.42066535960334,"BBWMFoliage4","A10","yes","F24","6",764194,146242,"5209",5209,NA,NA,"SPENCER BBWMFOLIAGE4 1014-2"
NA,2014,"foliage","WB","RS",4.17,2094.87619334413,52.0293246658765,502.36839168924,-28.0504171958067,14.4753856330859,"BBWMFoliage4","A11","yes","H13","22",764195,146243,"5210",5210,NA,NA,"SPENCER BBWMFOLIAGE4 1014-2"
NA,2014,"foliage","WB","RM",3.96,1875.75859511066,70.9201371945132,473.676412906732,-28.9847795569091,6.55926166860413,"BBWMFoliage4","A12","yes","H13","6",764196,146244,"5211",5211,NA,NA,"SPENCER BBWMFOLIAGE4 1014-2"
NA,2014,"foliage","WB","SM",4.04,1940.15762456621,97.275307165165,480.237035783716,-29.8536378372076,8.84916059892938,"BBWMFoliage4","B1","yes","I15","3",764197,146248,"5212",5212,NA,NA,"SPENCER BBWMFOLIAGE4 1014-2"
NA,2014,"foliage","WB","AB",4,1862.88352151615,107.176416406907,465.720880379039,-28.2868957697538,9.41134119676129,"BBWMFoliage4","B2","yes","K15","3",764198,146249,"5213",5213,NA,NA,"SPENCER BBWMFOLIAGE4 1014-2"
NA,2014,"foliage","WB","AB",4.25,2146.4995274339,108.973003306673,505.058712337388,-27.7403643541369,16.3816583896633,"BBWMFoliage4","B3","yes","K15","1",764199,146250,"5214",5214,NA,NA,"SPENCER BBWMFOLIAGE4 1014-2"
NA,2014,"foliage","WB","SM",3.96,1901.51347459627,95.4714907042969,480.180170352595,-28.8835693953294,3.10317873137951,"BBWMFoliage4","B4","yes","L13","6",764200,146251,"5215",5215,NA,NA,"SPENCER BBWMFOLIAGE4 1014-2"
NA,2014,"foliage","WB","SM",3.97,1940.15762456621,87.5214848632622,488.704691326502,-25.7353748030847,5.23048511596625,"BBWMFoliage4","B5","yes","N10","5",764201,146252,"5216",5216,NA,NA,"SPENCER BBWMFOLIAGE4 1014-2"
NA,2014,"foliage","WB","RM",4.07,1991.70524191029,81.9074145923794,489.362467299825,-26.3105503900496,10.4367499687482,"BBWMFoliage4","B6","yes","N11","10",764202,146253,"5217",5217,NA,NA,"SPENCER BBWMFOLIAGE4 1014-2"
NA,2014,"foliage","WB","SM",3.97,1914.39328048739,79.0056479134021,482.214932112691,-28.4849210278999,5.17932982689314,"BBWMFoliage4","B7","yes","N12","6",764203,146254,"5218",5218,NA,NA,"SPENCER BBWMFOLIAGE4 1014-2"
NA,2014,"foliage","WB","RM",4.07,1978.81597142597,86.16422221744,486.19557037493,-28.124791372135,2.4494210017137,"BBWMFoliage4","B8","yes","P11","2",764204,146255,"5219",5219,NA,NA,"SPENCER BBWMFOLIAGE4 1014-2"
NA,2014,"foliage","WB","RS",4.29,2133.59132776315,58.156783263598,497.340635842227,-30.3777362522852,5.43547565155412,"BBWMFoliage4","B9","yes","Q10","2",764205,146256,"5220",5220,NA,NA,"SPENCER BBWMFOLIAGE4 1014-2"
NA,2014,"foliage","WB","AB",4.13,1862.88352151615,74.9202211308557,451.061385355001,-28.6627684571084,3.25636911734696,"BBWMFoliage4","B10","yes","Q10","13",764206,146257,"5221",5221,NA,NA,"SPENCER BBWMFOLIAGE4 1014-2"
NA,2014,"foliage","WB","AB",4.12,1965.92827837385,101.779982266593,477.16705785773,-28.537605436357,4.25880150742886,"BBWMFoliage4","B11","yes","Q10","5",764207,146258,"5222",5222,NA,NA,"SPENCER BBWMFOLIAGE4 1014-2"
NA,2014,"foliage","WB","SM",4.04,1772.80217445627,76.1010338995906,438.81241941987,-29.6314290171456,3.19200607754337,"BBWMFoliage4","B12","yes","Q9","2",764208,146259,"5223",5223,NA,NA,"SPENCER BBWMFOLIAGE4 1014-2"
NA,2014,"foliage","WB","RM",3.91,1875.75859511066,93.6665620032592,479.733656038532,-28.8233096657519,2.03072469328706,"BBWMFoliage4","C1","yes","Q9","1",764209,146266,"5224",5224,NA,NA,"SPENCER BBWMFOLIAGE4 1014-2"
NA,2014,"foliage","EB","RS",4.01,2004.59608982681,34.4929837182248,499.899274271025,-26.787775085212,8.23699203565002,"BBWMFoliage4","C2","yes","K23","12",764210,146267,"5225",5225,NA,NA,"SPENCER BBWMFOLIAGE4 1014-2"
NA,2014,"foliage","EB","SM",4.25,2030.38251795647,76.918244383119,477.73706304858,-27.8591446161823,2.4149670134089,"BBWMFoliage4","C3","yes","M16","5",764211,146268,"5226",5226,NA,NA,"SPENCER BBWMFOLIAGE4 1014-2"
NA,2014,"foliage","EB","RM",4.16,1991.70524191029,78.0075080055034,478.775298536127,-29.7799543363267,2.41928156028987,"BBWMFoliage4","C4","yes","M16","1",764212,146269,"5227",5227,NA,NA,"SPENCER BBWMFOLIAGE4 1014-2"
NA,2014,"foliage","EB","RS",3.96,1991.70524191029,34.0325547070628,502.955869169265,-27.1982864692608,8.57037899198892,"BBWMFoliage4","C5","yes","N21","8",764213,146270,"5228",5228,NA,NA,"SPENCER BBWMFOLIAGE4 1014-2"
NA,2014,"foliage","EB","AB",4.09,1965.92827837385,101.779982266593,480.667060727102,-30.0659417400831,4.61484811200337,"BBWMFoliage4","C6","yes","N21","11",764214,146271,"5229",5229,NA,NA,"SPENCER BBWMFOLIAGE4 1014-2"
NA,2014,"foliage","EB","YB",4.22,1953.04216275393,107.176416406907,462.806199704722,-28.6630923006283,15.7945904285828,"BBWMFoliage4","C7","yes","N21","9",764215,146272,"5230",5230,NA,NA,"SPENCER BBWMFOLIAGE4 1014-2"
NA,2014,"foliage","EB","YB",4,1850.01002535385,95.4714907042969,462.502506338463,-29.93115031194,7.29299434968861,"BBWMFoliage4","C8","yes","N21","12",764216,146273,"5231",5231,NA,NA,"SPENCER BBWMFOLIAGE4 1014-2"
NA,2014,"foliage","EB","RM",4.23,2043.2780981696,76.010218831752,483.044467652387,-26.0684239996943,4.5258857100327,"BBWMFoliage4","C9","yes","O14","2",764217,146274,"5232",5232,NA,NA,"SPENCER BBWMFOLIAGE4 1014-2"
NA,2014,"foliage","EB","RM",4.29,2120.68470552461,89.7821989727537,494.332099189886,-27.3988396663628,0.180292023846691,"BBWMFoliage4","C10","yes","O20","3",764218,146275,"5233",5233,NA,NA,"SPENCER BBWMFOLIAGE4 1014-2"
NA,2014,"foliage","EB","SM",3.94,1850.01002535385,85.8021798490713,469.545691714176,-28.1244246601638,-0.0608672545997112,"BBWMFoliage4","C11","yes","P19","4",764219,146276,"5234",5234,NA,NA,"SPENCER BBWMFOLIAGE4 1014-2"
NA,2014,"foliage","EB","AB",3.95,1862.88352151615,65.274518231219,471.616081396495,-29.9666163733812,6.64444474815457,"BBWMFoliage4","C12","yes","P21","1",764220,146277,"5235",5235,NA,NA,"SPENCER BBWMFOLIAGE4 1014-2"
NA,2014,"foliage","EB","AB",4.17,1837.13810662375,91.8605210620519,440.560697032075,-30.3355514818147,8.84253428712713,"BBWMFoliage4","D1","yes","P21","2",764221,146281,"5236",5236,NA,NA,"SPENCER BBWMFOLIAGE4 1014-2"
NA,2014,"foliage","EB","YB",4.33,2030.38251795647,90.9570835013846,468.910512230131,-30.0005949697938,8.65181098164907,"BBWMFoliage4","D2","yes","P22","17",764222,146282,"5237",5237,NA,NA,"SPENCER BBWMFOLIAGE4 1014-2"
NA,2014,"foliage","EB","RS",4.28,2185.23359103935,51.846223592575,510.56859603723,-28.9997038109384,6.93697982037594,"BBWMFoliage4","D3","yes","P24","10",764223,146283,"5238",5238,NA,NA,"SPENCER BBWMFOLIAGE4 1014-2"
NA,2014,"foliage","EB","AB",3.93,1798.53181502666,89.8725913893279,457.64168321289,-28.3028240545882,3.34251584932133,"BBWMFoliage4","D4","yes","P24","1",764224,146284,"5239",5239,NA,NA,"SPENCER BBWMFOLIAGE4 1014-2"
NA,2014,"foliage","EB","AB",4.15,1991.70524191029,101.779982266593,479.928973954286,-28.616511766251,6.56163569407755,"BBWMFoliage4","D5","yes","P24","2",764225,146285,"5240",5240,NA,NA,"SPENCER BBWMFOLIAGE4 1014-2"
NA,2014,"foliage","EB","RM",4.01,2056.17525581493,80.0941440900695,512.76190918078,-28.3473679410302,-0.457195233180695,"BBWMFoliage4","D6","yes","Q18","3",764226,146286,"5241",5241,NA,NA,"SPENCER BBWMFOLIAGE4 1014-2"
NA,2014,"foliage","EB","YB",3.94,1888.63524613737,85.4400929910959,479.349047242986,-29.6492074440438,8.10906648180589,"BBWMFoliage4","D7","yes","Q18","5",764227,146287,"5242",5242,NA,NA,"SPENCER BBWMFOLIAGE4 1014-2"
NA,2014,"foliage","EB","YB",3.98,1862.88352151615,89.3301951808766,468.061186310592,-29.5164351061899,8.64643889508961,"BBWMFoliage4","D8","yes","Q18","1",764228,146288,"5243",5243,NA,NA,"SPENCER BBWMFOLIAGE4 1014-2"
NA,2014,"foliage","EB","SM",3.93,1888.63524613737,79.2778094956747,480.568764920449,-29.2329240579123,1.44663053301859,"BBWMFoliage4","D9","yes","Q19","6",764229,146289,"5244",5244,NA,NA,"SPENCER BBWMFOLIAGE4 1014-2"
NA,2014,"foliage","EB","RM",4.15,2081.9743034022,75.1927580941855,501.680555036674,-29.0120680154172,0.985933042205937,"BBWMFoliage4","D10","yes","Q19","7",764230,146290,"5245",5245,NA,NA,"SPENCER BBWMFOLIAGE4 1014-2"
NA,2014,"foliage","EB","SM",4.03,1914.39328048739,63.815849210543,475.035553470815,-28.2378296559185,0.769467886000217,"BBWMFoliage4","D11","yes","R15","13",764231,146291,"5246",5246,NA,NA,"SPENCER BBWMFOLIAGE4 1014-2"
NA,2014,"foliage","EB","RS",4.18,2094.87619334413,48.9150937731195,501.166553431611,-26.6846985043301,12.4751069646518,"BBWMFoliage4","D12","yes","R20","31",764232,146292,"5247",5247,NA,NA,"SPENCER BBWMFOLIAGE4 1014-2"
NA,2014,"foliage","EB","SM",4.35,2094.87619334413,87.5214848632622,481.580734102099,-26.3286406618187,-0.311095518595008,"BBWMFoliage4","E1","yes","S12","12",764233,146296,"5248",5248,NA,NA,"SPENCER BBWMFOLIAGE4 1014-2"
NA,2014,"foliage","EB","RS",3.93,1965.92827837385,35.229525544862,500.236203148561,-28.7692720050023,0.0117866124897832,"BBWMFoliage4","E2","yes","S22","11",764234,146297,"5249",5249,NA,NA,"SPENCER BBWMFOLIAGE4 1014-2"
NA,2013,"foliage","WB","RS",4.01,2030.38251795647,34.4009034771932,506.329804976675,-28.8955615905454,2.33884091151001,"BBWMFoliage4","E3","yes","D20","20",764235,146298,"5250",5250,NA,NA,"SPENCER BBWMFOLIAGE4 1014-2"
NA,2012,"foliage","WB","RS",4.13,2081.9743034022,38.725668976618,504.110000823776,-28.9708585883347,1.54305107165418,"BBWMFoliage4","E4","yes","D20","20",764236,146299,"5251",5251,NA,NA,"SPENCER BBWMFOLIAGE4 1014-2"
NA,2013,"foliage","WB","RS",3.92,2004.59608982681,47.8151860123118,511.376553527248,-28.2624254265347,4.1209102175599,"BBWMFoliage4","E5","yes","F23","14",764237,146300,"5252",5252,NA,NA,"SPENCER BBWMFOLIAGE4 1014-2"
NA,2012,"foliage","WB","RS",4.1,2107.77966071827,43.3197403816798,514.092600175188,-28.1996340837503,3.35635187578484,"BBWMFoliage4","E6","yes","F23","14",764238,146301,"5253",5253,NA,NA,"SPENCER BBWMFOLIAGE4 1014-2"
NA,2013,"foliage","WB","RS",4.04,2094.87619334413,42.676988865335,518.533711223795,-26.9164804333503,9.85411918182058,"BBWMFoliage4","E7","yes","F24","7",764239,146302,"5254",5254,NA,NA,"SPENCER BBWMFOLIAGE4 1014-2"
NA,2012,"foliage","WB","RS",4.16,2133.59132776315,39.5531148503074,512.882530712297,-26.6961152963818,6.82374459185092,"BBWMFoliage4","E8","yes","F24","7",764240,146303,"5255",5255,NA,NA,"SPENCER BBWMFOLIAGE4 1014-2"
NA,2013,"foliage","WB","RS",4,2017.48851517554,47.6318291237713,504.372128793884,-28.139252568299,12.0637618591897,"BBWMFoliage4","E9","yes","H13","22",764241,146304,"5256",5256,NA,NA,"SPENCER BBWMFOLIAGE4 1014-2"
NA,2012,"foliage","WB","RS",4.06,2094.87619334413,45.7976485062724,515.979357966535,-27.6977242475637,9.62372648788218,"BBWMFoliage4","E10","yes","H13","22",764242,146305,"5257",5257,NA,NA,"SPENCER BBWMFOLIAGE4 1014-2"
NA,2013,"foliage","WB","RS",4.18,2133.59132776315,50.2894154025433,510.42854731176,-31.0061169978675,3.83729416407636,"BBWMFoliage4","E11","yes","Q10","2",764243,146306,"5258",5258,NA,NA,"SPENCER BBWMFOLIAGE4 1014-2"
NA,2012,"foliage","WB","RS",3.93,2030.38251795647,42.9524704845139,516.636773016912,-30.4059173001049,2.55425919708527,"BBWMFoliage4","E12","yes","Q10","2",764244,146307,"5259",5259,NA,NA,"SPENCER BBWMFOLIAGE4 1014-2"
NA,2013,"foliage","EB","RS",4.24,2159.40930453685,39.6450393777152,509.294647296426,-27.5578220885286,7.43701487292334,"BBWMFoliage4","F1","yes","K23","12",764245,146310,"5260",5260,NA,NA,"SPENCER BBWMFOLIAGE4 1014-2"
NA,2012,"foliage","EB","RS",4.03,2069.07399089246,37.2540979699743,513.417863745027,-27.4967789038961,5.98131182345388,"BBWMFoliage4","F2","yes","K23","12",764246,146311,"5261",5261,NA,NA,"SPENCER BBWMFOLIAGE4 1014-2"
NA,2013,"foliage","EB","RS",4.29,2198.1481004389,36.4260264611895,512.388834601142,-28.4959072054554,6.54975937780068,"BBWMFoliage4","F3","yes","N21","8",764247,146312,"5262",5262,NA,NA,"SPENCER BBWMFOLIAGE4 1014-2"
NA,2012,"foliage","EB","RS",3.93,2030.38251795647,25.7329454393334,516.636773016912,-28.3455377350634,3.97794413067114,"BBWMFoliage4","F4","yes","N21","8",764248,146313,"5263",5263,NA,NA,"SPENCER BBWMFOLIAGE4 1014-2"
NA,2013,"foliage","EB","RS",4.2,2133.59132776315,42.9524704845139,507.997935181703,-30.5607230743753,4.93558250667671,"BBWMFoliage4","F5","yes","P24","10",764249,146314,"5264",5264,NA,NA,"SPENCER BBWMFOLIAGE4 1014-2"
NA,2012,"foliage","EB","RS",3.99,2043.2780981696,37.2540979699743,512.099773977342,-30.3475216765379,3.28412577896604,"BBWMFoliage4","F6","yes","P24","10",764250,146315,"5265",5265,NA,NA,"SPENCER BBWMFOLIAGE4 1014-2"
NA,2013,"foliage","EB","RS",4.11,2120.68470552461,44.1459349851783,515.981680176305,-27.4650952542378,9.20036171626665,"BBWMFoliage4","F7","yes","R20","31",764251,146316,"5266",5266,NA,NA,"SPENCER BBWMFOLIAGE4 1014-2"
NA,2012,"foliage","EB","RS",3.92,2030.38251795647,35.5056828499439,517.954723968486,-27.435146237997,6.84112331543897,"BBWMFoliage4","F8","yes","R20","31",764252,146317,"5267",5267,NA,NA,"SPENCER BBWMFOLIAGE4 1014-2"
NA,2013,"foliage","EB","RS",3.94,2030.38251795647,34.5850611786559,515.325512171692,-29.7320630714061,-0.791584804258865,"BBWMFoliage4","F9","yes","S22","11",764253,146318,"5268",5268,NA,NA,"SPENCER BBWMFOLIAGE4 1014-2"
NA,2012,"foliage","EB","RS",4.16,2133.59132776315,35.3215807604897,512.882530712297,-29.6485523270995,-1.32091286740838,"BBWMFoliage4","F10","yes","S22","11",764254,146319,"5269",5269,NA,NA,"SPENCER BBWMFOLIAGE4 1014-2"
NA,2012,"foliage","WB","RS",3.99,1994.98920673673,52.7807920114927,499.997294921487,-28.1080827703404,2.08020184537072,"Spencer BBWM Foliage","A1",NA,"D20","20",NA,NA,"5001",5001,NA,NA,"SPENCER BBWMFOLIAGE&ROOTS2 0313"
NA,2012,"foliage","WB","AB",4.08,2000.79612722385,94.5861048111005,490.391207652904,-30.1276979830707,8.36582985508949,"Spencer BBWM Foliage","A2",NA,"E20","7",NA,NA,"5003",5003,NA,NA,"SPENCER BBWMFOLIAGE&ROOTS2 0313"
NA,2012,"foliage","WB","RS",4.04,2139.32998735302,53.4925138422664,529.53712558243,-29.5073736512022,5.77629872246521,"Spencer BBWM Foliage","A3",NA,"F23","14",NA,NA,"5006",5006,NA,NA,"SPENCER BBWMFOLIAGE&ROOTS2 0313"
NA,2012,"foliage","WB","RM",3.95,1991.13338117864,81.22154725185,504.08440029839,-29.8958975098949,1.40529240838072,"Spencer BBWM Foliage","A4",NA,"F23","8",NA,NA,"5007",5007,NA,NA,"SPENCER BBWMFOLIAGE&ROOTS2 0313"
NA,2012,"foliage","WB","RS",3.99,2037.16926448717,44.1701197683014,510.568737966709,-27.6262591376371,2.12348501197912,"Spencer BBWM Foliage","A5",NA,"F24","7",NA,NA,"5008",5008,NA,NA,"SPENCER BBWMFOLIAGE&ROOTS2 0313"
NA,2012,"foliage","WB","SM",3.9,1968.28940450437,84.4857470760992,504.689590898556,-30.7512234085421,3.85367104726764,"Spencer BBWM Foliage","A6",NA,"I15","3",NA,NA,"5013",5013,NA,NA,"SPENCER BBWMFOLIAGE&ROOTS2 0313"
NA,2012,"foliage","WB","AB",4.09,2161.54600867694,126.91972374441,528.495356644728,-30.0811540130375,3.20498279416959,"Spencer BBWM Foliage","A7",NA,"K15","1",NA,NA,"5015",5015,NA,NA,"SPENCER BBWMFOLIAGE&ROOTS2 0313"
NA,2012,"foliage","WB","SM",3.97,2053.85835300783,92.4358777860849,517.344673301721,-29.6547135512236,2.704636433569,"Spencer BBWM Foliage","A8",NA,"N10","5",NA,NA,"5017",5017,NA,NA,"SPENCER BBWMFOLIAGE&ROOTS2 0313"
NA,2012,"foliage","WB","RM",4.11,2336.54267302117,93.2178156893197,568.501866915126,-30.0702820376858,2.72682793254075,"Spencer BBWM Foliage","A9",NA,"N11","10",NA,NA,"5018",5018,"Contains more carbon than the largest standard",NA,"SPENCER BBWMFOLIAGE&ROOTS2 0313"
NA,2012,"foliage","WB","RM",4.02,2001.53465298345,96.4763829875514,497.894192284439,-29.9531132327731,1.86347420652955,"Spencer BBWM Foliage","A10",NA,"P11","2",NA,NA,"5020",5020,NA,NA,"SPENCER BBWMFOLIAGE&ROOTS2 0313"
NA,2012,"foliage","WB","AB",3.97,1880.64910802289,93.9084346157223,473.715140559922,-30.4128658082727,0.442201095447903,"Spencer BBWM Foliage","A11",NA,"Q10","13",NA,NA,"5022",5022,NA,NA,"SPENCER BBWMFOLIAGE&ROOTS2 0313"
NA,2012,"foliage","WB","SM",4.04,1969.63896314587,78.4273684749539,487.534396818285,-30.5359718410149,1.14517819691562,"Spencer BBWM Foliage","A12",NA,"Q9","2",NA,NA,"5024",5024,NA,NA,"SPENCER BBWMFOLIAGE&ROOTS2 0313"
NA,2012,"foliage","EB","SM",3.95,1887.38026176082,79.6351604063504,477.817787787548,-31.2126626785842,-1.26517318211272,"Spencer BBWM Foliage","B1",NA,"M16","5",NA,NA,"5027",5027,NA,NA,"SPENCER BBWMFOLIAGE&ROOTS2 0313"
NA,2012,"foliage","EB","RM",4.08,2111.90953959688,81.102888434194,517.624887156098,-31.349057914655,-1.07314275874637,"Spencer BBWM Foliage","B2",NA,"M16","1",NA,NA,"5028",5028,NA,NA,"SPENCER BBWMFOLIAGE&ROOTS2 0313"
NA,2012,"foliage","EB","RM",4.18,2004.25319388041,89.6387772202118,479.486410019237,-29.8214995263945,-1.21886469222121,"Spencer BBWM Foliage","B3",NA,"O20","3",NA,NA,"5034",5034,NA,NA,"SPENCER BBWMFOLIAGE&ROOTS2 0313"
NA,2012,"foliage","EB","AB",4,2006.77862725853,109.519175502438,501.694656814631,-30.7389976612641,0.0904260778853416,"Spencer BBWM Foliage","B4",NA,"P21","1",NA,NA,"5036",5036,NA,NA,"SPENCER BBWMFOLIAGE&ROOTS2 0313"
NA,2012,"foliage","EB","RS",3.9,2025.70103824473,60.7011229224966,519.410522626854,-28.7028049579505,1.36451997716902,"Spencer BBWM Foliage","B5",NA,"P24","10",NA,NA,"5039",5039,NA,NA,"SPENCER BBWMFOLIAGE&ROOTS2 0313"
NA,2012,"foliage","EB","AB",4.1,2116.71777413165,111.710433421125,516.272627836987,-30.1042239225401,2.67716834100207,"Spencer BBWM Foliage","B6",NA,"P24","1",NA,NA,"5040",5040,NA,NA,"SPENCER BBWMFOLIAGE&ROOTS2 0313"
NA,2012,"foliage","EB","AB",3.86,2078.98504549984,96.8474515591188,538.597162046591,-29.1692590295756,2.19101953201495,"Spencer BBWM Foliage","B7",NA,"P24","2",NA,NA,"5041",5041,NA,NA,"SPENCER BBWMFOLIAGE&ROOTS2 0313"
NA,2012,"foliage","EB","RM",4.04,1984.80194574817,75.7016788957041,491.287610333707,-30.0543801179209,-1.87335684920664,"Spencer BBWM Foliage","B8",NA,"Q18","3",NA,NA,"5042",5042,NA,NA,"SPENCER BBWMFOLIAGE&ROOTS2 0313"
NA,2012,"foliage","EB","RS",4.06,2143.65022180774,40.6955175655126,527.992665469888,-27.1689960515646,1.44556056073841,"Spencer BBWM Foliage","B10",NA,"R20","31",NA,NA,"5058",5058,NA,NA,"SPENCER BBWMFOLIAGE&ROOTS2 0313"
NA,2012,"foliage","EB","SM",3.94,1836.0877342774,70.1403249945554,466.012115298833,-28.234485827556,-3.36775496135777,"Spencer BBWM Foliage","B11",NA,"S12","12",NA,NA,"5059",5059,NA,NA,"SPENCER BBWMFOLIAGE&ROOTS2 0313"
NA,2012,"foliage","EB","RS",4.05,2154.42541390436,47.0529052009035,531.956892322063,-28.5312257119085,-0.25781520116408,"Spencer BBWM Foliage","B12",NA,"S22","11",NA,NA,"5060",5060,NA,NA,"SPENCER BBWMFOLIAGE&ROOTS2 0313"
NA,2010,"foliage","WB","YB",4.66,2374.46539990565,111.247812868848,509.541931310225,-28.8298085889366,0.652337351083835,NA,NA,"NO","D20","T17",NA,NA,"V1",NA,NA,NA,"COPY OF SPENCER BBWMSOIL1&VEG1 0312"
NA,2010,"foliage","WB","YB",4.13,2086.67321393228,108.903470131181,505.247751557453,-30.2659460749236,1.86833095902949,NA,NA,"NO","E20","T11",NA,NA,"V2",NA,NA,NA,"COPY OF SPENCER BBWMSOIL1&VEG1 0312"
NA,2010,"foliage","WB","YB",4.07,2043.23550409916,87.8067626492355,502.023465380629,-28.8582204194911,0.793776309626177,NA,NA,"NO","F24","T11",NA,NA,"V3",NA,NA,NA,"COPY OF SPENCER BBWMSOIL1&VEG1 0312"
NA,2010,"foliage","WB","YB",4.41,2201.32907696864,98.3220108020429,499.167591149351,-27.9108061463255,-1.38287277168639,NA,NA,"NO","F25","T3",NA,NA,"V4",NA,NA,NA,"COPY OF SPENCER BBWMSOIL1&VEG1 0312"
NA,2010,"foliage","WB","YB",4.67,2383.72707179389,131.534767355507,510.434062482631,-30.4829697356203,1.6118500098831,NA,NA,"NO","G18","T2",NA,NA,"V5",NA,NA,NA,"COPY OF SPENCER BBWMSOIL1&VEG1 0312"
NA,2010,"foliage","WB","AB",4.43,2250.84536895028,108.199664375184,508.091505406384,-29.3846284894727,1.69381899731669,NA,NA,"NO","E20","T17",NA,NA,"V6",NA,NA,NA,"COPY OF SPENCER BBWMSOIL1&VEG1 0312"
NA,2010,"foliage","WB","AB",4.14,2111.48135034416,122.231675990905,510.019649841585,-28.3053761136534,1.02806396396366,NA,NA,"NO","K15","T1",NA,NA,"V7",NA,NA,NA,"COPY OF SPENCER BBWMSOIL1&VEG1 0312"
NA,2010,"foliage","WB","AB",4.39,2139.37884445628,117.56465539484,487.330032905758,-28.4537040359416,1.25597338945649,NA,NA,"NO","K15","T3",NA,NA,"V8",NA,NA,NA,"COPY OF SPENCER BBWMSOIL1&VEG1 0312"
NA,2010,"foliage","WB","AB",4.39,2306.50456002462,126.888379977794,525.399671987384,-27.8414851371836,-1.2506536195242,NA,NA,"NO","Q10","T10",NA,NA,"V9",NA,NA,NA,"COPY OF SPENCER BBWMSOIL1&VEG1 0312"
NA,2010,"foliage","WB","AB",4.56,2260.12533001696,104.912168322633,495.641519740562,-28.4668459141262,-1.64263368077928,NA,NA,"NO","Q10","T13",NA,NA,"V10",NA,NA,NA,"COPY OF SPENCER BBWMSOIL1&VEG1 0312"
NA,2010,"foliage","WB","RM",4.55,2608.67163623293,93.4842524350556,573.3344255457,-27.3199764081558,-1.43788995898003,NA,NA,"NO","F25","T11",NA,NA,"V12",NA,NA,NA,"COPY OF SPENCER BBWMSOIL1&VEG1 0312"
NA,2010,"foliage","WB","RM",4.48,2584.05980366961,108.434292085372,576.799063319108,-28.8640108504192,-1.96337347786742,NA,NA,"NO","Q9","T1",NA,NA,"V13",NA,NA,NA,"COPY OF SPENCER BBWMSOIL1&VEG1 0312"
NA,2010,"foliage","WB","RM",4.3,2374.46539990565,84.8438530279504,552.201255792011,-27.3227651412545,-0.668829547972522,NA,NA,"NO","F24","T8",NA,NA,"V14",NA,NA,NA,"COPY OF SPENCER BBWMSOIL1&VEG1 0312"
NA,2010,"foliage","WB","RM",4.56,2463.93743632307,88.8724235871457,540.337157088393,-26.7130606913551,-0.499536057294742,NA,NA,"NO","N11","T10",NA,NA,"V15",NA,NA,NA,"COPY OF SPENCER BBWMSOIL1&VEG1 0312"
NA,2010,"foliage","WB","RM",4.33,2488.47489289409,103.55351128965,574.705517989397,-27.103487648076,-0.452289724329634,NA,NA,"NO","F23","T8",NA,NA,"mean V11",NA,NA,NA,"COPY OF SPENCER BBWMSOIL1&VEG1 0312"
NA,2010,"foliage","WB","SM",4.38,2365.20235632902,95.9634827267595,540.000537974662,-28.282358055569,0.43424729324777,NA,NA,"NO","L13","T6",NA,NA,"V16",NA,NA,NA,"COPY OF SPENCER BBWMSOIL1&VEG1 0312"
NA,2010,"foliage","WB","SM",4.1,2046.3391883225,103.031329495728,499.107119103049,-30.3872911800109,0.453867644454293,NA,NA,"NO","J12","T3",NA,NA,"V17",NA,NA,NA,"COPY OF SPENCER BBWMSOIL1&VEG1 0312"
NA,2010,"foliage","WB","SM",4.55,2697.80776140641,121.065888023999,592.924782726683,-31.1874821922872,1.66638327581937,NA,NA,"NO","G16","T2",NA,NA,"V18",NA,NA,NA,"COPY OF SPENCER BBWMSOIL1&VEG1 0312"
NA,2010,"foliage","WB","SM",4.5,2210.61635370669,92.3026671603493,491.248078601487,-28.5247416622712,-0.440062005894988,NA,NA,"NO","N10","T5",NA,NA,"V19",NA,NA,NA,"COPY OF SPENCER BBWMSOIL1&VEG1 0312"
NA,2010,"foliage","WB","SM",4.35,2114.58168155146,81.283041980802,486.11073139114,-27.7005770011427,1.75970019816229,NA,NA,"NO","E16","T4",NA,NA,"V20",NA,NA,NA,"COPY OF SPENCER BBWMSOIL1&VEG1 0312"
NA,2010,"foliage","WB","RS",4.24,2139.37884445628,46.5626868589399,504.570482183084,-26.8958656895805,3.14969019134397,NA,NA,"NO","G21","T5",NA,NA,"V21",NA,NA,NA,"COPY OF SPENCER BBWMSOIL1&VEG1 0312"
NA,2010,"foliage","WB","RS",4.13,2114.58168155146,41.731116346523,512.005249770329,-26.2907601744395,-0.29491030774272,NA,NA,"NO","D20","T20",NA,NA,"V22",NA,NA,NA,"COPY OF SPENCER BBWMSOIL1&VEG1 0312"
NA,2010,"foliage","WB","RS",4.09,2139.37884445628,43.4233395401626,523.075512091999,-26.5962488211103,-0.178047860526475,NA,NA,"NO","F24","T7",NA,NA,"V23",NA,NA,NA,"COPY OF SPENCER BBWMSOIL1&VEG1 0312"
NA,2009,"foliage","WB","RS",4.15,2198.23301323631,51.1431230864869,529.694701984654,-27.2809134754755,1.95932803687452,NA,NA,"NO","G21","T5",NA,NA,"V26",NA,NA,NA,"COPY OF SPENCER BBWMSOIL1&VEG1 0312"
NA,2009,"foliage","WB","RS",3.99,2052.54609953972,41.6101949021575,514.422581338276,-26.5144830565649,-0.259406436475226,NA,NA,"NO","D20","T20",NA,NA,"V27",NA,NA,NA,"COPY OF SPENCER BBWMSOIL1&VEG1 0312"
NA,2009,"foliage","WB","RS",3.91,2021.50544706081,36.1620563491501,517.009065744453,-26.9237984781021,-0.293430835161463,NA,NA,"NO","F24","T7",NA,NA,"V28",NA,NA,NA,"COPY OF SPENCER BBWMSOIL1&VEG1 0312"
NA,2008,"foliage","WB","RS",4.21,2238.46995379056,52.4673011327083,531.703076909871,-26.8501553877325,1.72254589617297,NA,NA,"NO","G21","T5",NA,NA,"V31",NA,NA,NA,"COPY OF SPENCER BBWMSOIL1&VEG1 0312"
NA,2008,"foliage","WB","RS",4.42,2260.12533001696,48.0101462738757,511.340572402027,-26.2204264523313,-0.316987915336191,NA,NA,"NO","D20","T20",NA,NA,"V32",NA,NA,NA,"COPY OF SPENCER BBWMSOIL1&VEG1 0312"
NA,2008,"foliage","WB","RS",4.22,2222.99725561995,49.3361684139872,526.776600857808,-26.7784098234656,-0.273772125741894,NA,NA,"NO","F24","T7",NA,NA,"V33",NA,NA,NA,"COPY OF SPENCER BBWMSOIL1&VEG1 0312"
NA,2010,"foliage","EB","YB",4.35,2099.07850141679,100.206976272618,482.546781934893,-28.8325564798669,-2.64800125199339,NA,NA,"NO","M22","T1",NA,NA,"V36",NA,NA,NA,"COPY OF SPENCER BBWMSOIL1&VEG1 0312"
NA,2010,"foliage","EB","YB",4.27,2071.1631753557,108.199664375184,485.049923970889,-29.0016672991538,-2.71551054088082,NA,NA,"NO","N21","T19",NA,NA,"V37",NA,NA,NA,"COPY OF SPENCER BBWMSOIL1&VEG1 0312"
NA,2010,"foliage","EB","YB",4.41,2179.65343023614,95.6094810635816,494.252478511596,-30.7804128491244,-2.7062922528663,NA,NA,"NO","P16","T8",NA,NA,"V38",NA,NA,NA,"COPY OF SPENCER BBWMSOIL1&VEG1 0312"
NA,2010,"foliage","EB","YB",4.51,2325.046650209,110.779150653498,515.531408028603,-29.9940894135173,-2.32210883086156,NA,NA,"NO","P22","T3",NA,NA,"V39",NA,NA,NA,"COPY OF SPENCER BBWMSOIL1&VEG1 0312"
NA,2010,"foliage","EB","YB",4.43,2182.75040842738,118.965844817623,492.720182489251,-30.0648235133112,-1.94521616782073,NA,NA,"NO","Q12","T1",NA,NA,"V40",NA,NA,NA,"COPY OF SPENCER BBWMSOIL1&VEG1 0312"
NA,2010,"foliage","EB","AB",4.29,2247.75174377508,109.372545010898,523.951455425427,-30.3388708722058,-0.900673614253512,NA,NA,"NO","N21","T11",NA,NA,"V41",NA,NA,NA,"COPY OF SPENCER BBWMSOIL1&VEG1 0312"
NA,2010,"foliage","EB","AB",4.21,2061.8553232919,95.727488065855,489.751858264109,-30.0947550603227,-1.01163752831593,NA,NA,"NO","P21","T1",NA,NA,"V42",NA,NA,NA,"COPY OF SPENCER BBWMSOIL1&VEG1 0312"
NA,2010,"foliage","EB","AB",4.55,2269.40391939526,125.725171163182,498.770092174782,-29.5442435230904,-1.63308978431462,NA,NA,"NO","P21","T3",NA,NA,"V43",NA,NA,NA,"COPY OF SPENCER BBWMSOIL1&VEG1 0312"
NA,2010,"foliage","EB","AB",4.23,2148.67526578355,104.912168322633,507.961055740792,-28.7897853341553,1.00254785294391,NA,NA,"NO","P24","T1",NA,NA,"V44",NA,NA,NA,"COPY OF SPENCER BBWMSOIL1&VEG1 0312"
NA,2010,"foliage","EB","AB",4.6,2374.46539990565,116.39628827564,516.188130414271,-28.772728073136,-0.0962082407509278,NA,NA,"NO","P24","T2",NA,NA,"V45",NA,NA,NA,"COPY OF SPENCER BBWMSOIL1&VEG1 0312"
NA,2010,"foliage","EB","RM",4.38,2315.776290961,85.3181893783469,528.716048164612,-29.5872964484034,-3.89216305184984,NA,NA,"NO","P15","T3",NA,NA,"V46",NA,NA,NA,"COPY OF SPENCER BBWMSOIL1&VEG1 0312"
NA,2010,"foliage","EB","RM",4.25,2212.1639283434,90.1741759041715,520.509159610211,-29.236792206226,-4.70920455395944,NA,NA,"NO","L21","T29",NA,NA,"mean V47",NA,NA,NA,"COPY OF SPENCER BBWMSOIL1&VEG1 0312"
NA,2010,"foliage","EB","RM",4.22,2123.88176071442,76.7643506591714,503.289516756971,-27.3881652476015,-4.36363980209915,NA,NA,"NO","O14","T2",NA,NA,"V48",NA,NA,NA,"COPY OF SPENCER BBWMSOIL1&VEG1 0312"
NA,2010,"foliage","EB","RM",4.09,2030.8192431076,68.7745039610749,496.532822275696,-28.2997821560968,-3.42657992119944,NA,NA,"NO","M19","T10",NA,NA,"V49",NA,NA,NA,"COPY OF SPENCER BBWMSOIL1&VEG1 0312"
NA,2010,"foliage","EB","RM",4.25,2250.84536895028,79.5004602974799,529.610675047125,-28.2457823700602,-4.04567229251861,NA,NA,"NO","M16","T1",NA,NA,"V50",NA,NA,NA,"COPY OF SPENCER BBWMSOIL1&VEG1 0312"
NA,2010,"foliage","EB","SM",4.43,2195.13679709417,73.9056431275065,495.516207019,-30.4251731022404,-5.36634906521826,NA,NA,"NO","O22","T1",NA,NA,"V51",NA,NA,NA,"COPY OF SPENCER BBWMSOIL1&VEG1 0312"
NA,2010,"foliage","EB","SM",4.23,2423.8451326883,93.1298445553914,573.013033732458,-30.3654523704596,-3.82264551179254,NA,NA,"NO","Q19","T6",NA,NA,"V52",NA,NA,NA,"COPY OF SPENCER BBWMSOIL1&VEG1 0312"
NA,2010,"foliage","EB","SM",4.25,2092.87616249417,76.0500219618149,492.441449998629,-28.2073261980695,-3.82880189374121,NA,NA,"NO","P19","T4",NA,NA,"V53",NA,NA,NA,"COPY OF SPENCER BBWMSOIL1&VEG1 0312"
NA,2010,"foliage","EB","SM",4.51,2232.28133175178,89.4642317657146,494.962601275338,-29.7847899018625,-3.73736931826722,NA,NA,"NO","M16","T5",NA,NA,"V54",NA,NA,NA,"COPY OF SPENCER BBWMSOIL1&VEG1 0312"
NA,2010,"foliage","EB","SM",4.61,2337.40499546885,81.876913481206,507.029283181963,-30.2276099962755,-3.46734821102838,NA,NA,"NO","P26","T4",NA,NA,"V55",NA,NA,NA,"COPY OF SPENCER BBWMSOIL1&VEG1 0312"
NA,2010,"foliage","EB","RS",4.15,2105.28023070011,41.1264446458882,507.296441132558,-28.2507125198134,-2.55305380434899,NA,NA,"NO","K22","T12",NA,NA,"V56",NA,NA,NA,"COPY OF SPENCER BBWMSOIL1&VEG1 0312"
NA,2010,"foliage","EB","RS",4.42,2269.40391939526,47.5277629683222,513.439800768158,-29.4318890313673,-2.55872787731458,NA,NA,"NO","N21","T8",NA,NA,"V57",NA,NA,NA,"COPY OF SPENCER BBWMSOIL1&VEG1 0312"
NA,2010,"foliage","EB","RS",3.94,2043.23550409916,28.6343445001649,518.587691395726,-28.3548949664191,-1.74596248665308,NA,NA,"NO","L24","T2",NA,NA,"V58",NA,NA,NA,"COPY OF SPENCER BBWMSOIL1&VEG1 0312"
NA,2009,"foliage","EB","RS",4.37,2291.04862693424,45.8386089659123,524.267420351084,-28.5022618312145,-2.35486780738631,NA,NA,"NO","K22","T12",NA,NA,"V61",NA,NA,NA,"COPY OF SPENCER BBWMSOIL1&VEG1 0312"
NA,2009,"foliage","EB","RS",4.59,2399.16014341122,41.731116346523,522.692841701791,-29.8246687387448,-2.92845052732449,NA,NA,"NO","N21","T8",NA,NA,"V62",NA,NA,NA,"COPY OF SPENCER BBWMSOIL1&VEG1 0312"
NA,2009,"foliage","EB","RS",4.51,2386.813990937,36.5256718025036,529.227048988248,-28.9122412542148,-1.52229284159997,NA,NA,"NO","L24","T2",NA,NA,"V63",NA,NA,NA,"COPY OF SPENCER BBWMSOIL1&VEG1 0312"
NA,2008,"foliage","EB","RS",4.41,2291.04862693424,51.9858721135035,519.512160302549,-28.4018341776998,-2.16039546636441,NA,NA,"NO","K22","T12",NA,NA,"V66",NA,NA,NA,"COPY OF SPENCER BBWMSOIL1&VEG1 0312"
NA,2008,"foliage","EB","RS",4.26,2278.68113708517,32.2798807001685,534.901675372106,-28.2473273792763,-1.52647475237888,NA,NA,"NO","N21","T8",NA,NA,"V67",NA,NA,NA,"COPY OF SPENCER BBWMSOIL1&VEG1 0312"
NA,2008,"foliage","EB","RS",4.62,2346.67215411062,43.7857943749838,507.93769569494,-29.3375418486831,-2.87588894193426,NA,NA,"NO","L24","T2",NA,NA,"V68",NA,NA,NA,"COPY OF SPENCER BBWMSOIL1&VEG1 0312"
NA,1998,"foliage","WB","SM",4.66,2211.2395558036,87.0722059743745,474.514926138112,-29.2540421347733,0.573749838865773,"BBWM HFL","A1","NO",NA,"WB-T-SM-6 Q10",734890,138277,"HFL981",NA,NA,NA,"SPENCER BBWM-HFL-0814"
NA,1998,"foliage","EB","SM",4.67,2227.45623917796,85.6586485055037,476.971357425686,-28.0251363462116,-4.57189222165812,"BBWM HFL","A2","NO",NA,"EB-T-SM-2 R13",734891,138278,"HFL982",NA,NA,NA,"SPENCER BBWM-HFL-0814"
NA,1998,"foliage","WB","SM",4.66,2308.50743538134,115.456980445826,495.387861669814,-28.586124375262,5.47908934179332,"BBWM HFL","A3","NO",NA,"WB-T-SM-12 K10",734892,138279,"HFL983",NA,NA,NA,"SPENCER BBWM-HFL-0814"
NA,1998,"foliage","WB","SM",4.6,2211.2395558036,118.907265978981,480.704251261653,-27.7533404001915,2.67456421849637,"BBWM HFL","A4","NO",NA,"WB-T-SM-13 J12",734893,138280,"HFL984",NA,NA,NA,"SPENCER BBWM-HFL-0814"
NA,1998,"foliage","EB","SM",4.77,2308.50743538134,80.965412372716,483.963822931098,-28.1401614960945,-2.85839377170963,"BBWM HFL","A5","NO",NA,"EB-T-SM-5 P14",734894,138281,"HFL985",NA,NA,NA,"SPENCER BBWM-HFL-0814"
NA,1998,"foliage","EB","SM",4.6,2146.35134186061,89.9828809181981,466.598117795785,-28.0339792415121,-4.01344124949459,"BBWM HFL","A6","NO",NA,"EB-T-SM-15 R13",734895,138282,"HFL986",NA,NA,NA,"SPENCER BBWM-HFL-0814"
NA,1998,"foliage","WB","SM",4.75,2308.50743538134,100.687572504882,486.001565343439,-27.8664457293847,0.699329473085265,"BBWM HFL","A7","NO",NA,"WB-T-SM-19 P11",734896,138283,"HFL987",NA,NA,NA,"SPENCER BBWM-HFL-0814"
NA,1998,"foliage","EB","SM",4.78,2340.91287755078,83.5354700991712,489.730727521083,-28.299832494565,-4.85391126822272,"BBWM HFL","A8","NO",NA,"EB-T-SM-18 M16",734897,138284,"HFL988",NA,NA,NA,"SPENCER BBWM-HFL-0814"
NA,1999,"litter","WB","SM",4.69,2308.50743538134,49.4639630316227,492.219069377683,-28.4448119977433,0.648213307881654,"BBWM HFL","A9","NO",NA,"799/WB/T/SM/19 P11",734898,138285,"HFL991",NA,NA,NA,"SPENCER BBWM-HFL-0814"
NA,1999,"litter","WB","SM",4.65,2211.2395558036,50.3715359628272,475.535388344861,-27.7638573975173,2.81521125481387,"BBWM HFL","A10","NO",NA,"793/WB/T/SM/13 J12",734899,138286,"HFL992",NA,NA,NA,"SPENCER BBWM-HFL-0814"
NA,1999,"litter","WB","SM",4.56,2195.02072438469,36.9705897837604,481.364193944012,-28.1406916673531,-0.457235171801965,"BBWM HFL","A11","NO",NA,"786/WB/T/SM/6 Q10",734900,138287,"HFL993",NA,NA,NA,"SPENCER BBWM-HFL-0814"
NA,1999,"litter","WB","SM",4.66,2357.11237656866,47.6470407923222,505.818106559798,-28.6327156444772,3.96808556565264,"BBWM HFL","A12","NO",NA,"792/WB/T/SM/12 K10",734901,138288,"HFL994",NA,NA,NA,"SPENCER BBWM-HFL-0814"
NA,2000,"litter","EB","SM",4.66,2308.50743538134,29.3475507606137,495.387861669814,-29.6384046929419,-3.08145098356628,"BBWM HFL","B1","NO",NA,"EB-T-SM 5 P14",734902,138295,"HFL001",NA,NA,NA,"SPENCER BBWM-HFL-0814"
NA,2000,"litter","EB","SM",4.76,2308.50743538134,32.5670591437426,484.980553651541,-28.4403692007342,-3.77979837943704,"BBWM HFL","B2","NO",NA,"EB-T-SM-2 R13",734903,138296,"HFL002",NA,NA,NA,"SPENCER BBWM-HFL-0814"
NA,2000,"litter","EB","SM",4.63,2357.11237656866,36.0543126057879,509.095545695175,-28.8207522161433,-3.26118369148293,"BBWM HFL","B3","NO",NA,"EB-T-SM-18 M16",734904,138297,"HFL003",NA,NA,NA,"SPENCER BBWM-HFL-0814"
NA,2000,"litter","EB","SM",4.42,2146.35134186061,27.3201471492296,485.599851099685,-29.1847476700793,-3.79736047709908,"BBWM HFL","B4","NO",NA,"EB-T-SM-15 R13",734905,138298,"HFL004",NA,NA,NA,"SPENCER BBWM-HFL-0814"
NA,2003,"foliage","WB","SM",4.75,2340.91287755078,80.8767008736488,492.8237636949,-27.8869713556654,0.577137554207994,"BBWM HFL","B5","NO",NA,"N11 T6 sun leaves",734906,138299,"HFL031",NA,NA,NA,"SPENCER BBWM-HFL-0814"
NA,2003,"foliage","EB","SM",4.48,2276.09340103366,69.0253071827843,508.056562730728,-29.5458886010119,-4.94875341290385,"BBWM HFL","B6","NO",NA,"R15 T13 sun leaves",734907,138300,"HFL032",NA,NA,NA,"SPENCER BBWM-HFL-0814"
NA,2003,"foliage","WB","SM",4.81,2389.50493047075,89.8066599350936,496.77857182344,-28.7633960960825,0.974501898569745,"BBWM HFL","B7","NO",NA,"I15 T3 sun leaves",734908,138301,"HFL033",NA,NA,NA,"SPENCER BBWM-HFL-0814"
NA,2003,"foliage","EB","SM",4.69,2324.71123048833,75.4541023348795,495.674036351457,-28.068012366112,-3.51637133322289,"BBWM HFL","B8","NO",NA,"N25 T6 sun leaves",734909,138302,"HFL034",NA,NA,NA,"SPENCER BBWM-HFL-0814"
NA,2003,"foliage","WB","SM",4.45,2276.09340103366,94.5563130350625,511.481663153631,-29.4716007956155,2.77065476962943,"BBWM HFL","B9","NO",NA,"F18 T13 sun leaves",734910,138303,"HFL035",NA,NA,NA,"SPENCER BBWM-HFL-0814"
NA,2003,"foliage","WB","SM",4.73,2438.07765098969,87.7784162682046,515.44982050522,-27.4467418757671,3.01806593088235,"BBWM HFL","B10","NO",NA,"J11 T8 sun leaves",734911,138304,"HFL036",NA,NA,NA,"SPENCER BBWM-HFL-0814"
NA,2003,"foliage","EB","SM",4.42,2195.02072438469,77.2344312102166,496.611023616447,-29.375330979548,-3.05012249295939,"BBWM HFL","B11","NO",NA,"Q19 T2 sun leaves",734912,138305,"HFL037",NA,NA,NA,"SPENCER BBWM-HFL-0814"
NA,2003,"foliage","EB","SM",4.49,2243.67077450775,64.542806273211,499.703958687695,-28.8924545752736,-5.34274728205905,"BBWM HFL","B12","NO",NA,"R15 T6 sun leaves",734913,138306,"HFL038",NA,NA,NA,"SPENCER BBWM-HFL-0814"
NA,NA,"foliage","WB","YB",4.27,1973.45434027778,102.63225818785,462.167292805101,-30.9089182580254,1.72207924886028,"BBWM Foliage2","A1","yes","D20","17",634778,100460,"5002",5002,NA,NA,"SPENCER BBWMFOLIAGE2 1213"
NA,NA,"foliage","WB","YB",4.07,1914.17585615189,92.9196685281894,470.313478169997,-31.3714544860412,3.0538549812423,"BBWM Foliage2","A2","yes","E20","1",634779,100461,"5004",5004,NA,NA,"SPENCER BBWMFOLIAGE2 1213"
NA,NA,"foliage","WB","YB",4.09,1933.9136729128,103.514125685411,472.839528829536,-29.5746457453755,10.0033898164335,"BBWM Foliage2","A3","yes","E20","11",634780,100462,"5005",5005,NA,NA,"SPENCER BBWMFOLIAGE2 1213"
NA,NA,"foliage","WB","YB",4.22,2112.52953140832,96.4540747773223,500.599415025668,-27.2411800064759,1.39855486753349,"BBWM Foliage2","A4","yes","F24","11",634781,100463,"5009",5009,NA,NA,"SPENCER BBWMFOLIAGE2 1213"
NA,NA,"foliage","WB","YB",4.16,1953.67316762143,108.801497475072,469.632972985921,-31.2745286214301,1.86213958575078,"BBWM Foliage2","A5","yes","F24","6",634782,100464,"5010",5010,NA,NA,"SPENCER BBWMFOLIAGE2 1213"
NA,2012,"foliage","WB","RS",4.09,1933.9136729128,52.1533189677455,472.839528829536,-29.2868202169246,5.77363478281187,"BBWM Foliage2","A6","yes","H13","22",634783,100465,"5011",5011,NA,NA,"SPENCER BBWMFOLIAGE2 1213"
NA,NA,"foliage","WB","AB",4.06,1872.79700267379,95.5707470147321,461.280049919654,-29.0180679915312,6.52811328257745,"BBWM Foliage2","A7","yes","K15","3",634784,100466,"5014",5014,NA,NA,"SPENCER BBWMFOLIAGE2 1213"
"??",NA,"foliage",NA,NA,4.03,2032.92792593313,41.5214904097124,504.448616856857,-27.0715638154253,-0.72283741058464,"BBWM Foliage2","A8","yes",NA,NA,634785,100467,"50121",NA,NA,NA,"SPENCER BBWMFOLIAGE2 1213"
NA,NA,"foliage","WB","RM",4.21,2013.08171943363,101.750208157161,478.166679200387,-29.6855414349643,-0.347794182727886,"BBWM Foliage2","A9","yes","Q9","1",634786,100468,"5025",5025,NA,NA,"SPENCER BBWMFOLIAGE2 1213"
NA,2012,"foliage","EB","RS",4.09,2032.92792593313,40.9847473277218,497.048392648688,-27.5636687809003,1.82760150663288,"BBWM Foliage2","A10","yes","K23","12",634787,100469,"5026",5026,NA,NA,"SPENCER BBWMFOLIAGE2 1213"
NA,2012,"foliage","EB","RS",3.85,1845.26421132697,44.4724027599774,479.289405539473,-27.575931743606,-0.854187947002957,"BBWM Foliage2","A11","yes","N21","8",634788,100470,"5029",5029,NA,NA,"SPENCER BBWMFOLIAGE2 1213"
NA,NA,"foliage","EB","AB",4.14,1831.51374894513,93.8035438901657,442.394625349066,-31.5711149398767,-0.113956617580832,"BBWM Foliage2","A12","yes","N21","11",634789,100471,"5030",5030,NA,NA,"SPENCER BBWMFOLIAGE2 1213"
NA,NA,"foliage","EB","YB",4.15,1953.67316762143,97.3372200067838,470.764618703959,-30.0092312397072,-0.333185084056696,"BBWM Foliage2","B1","yes","N21","19",634790,100475,"5031",5031,NA,NA,"SPENCER BBWMFOLIAGE2 1213"
NA,NA,"foliage","EB","YB",4.1,1794.24460986815,92.0356106330844,437.620636553208,-30.5279316427795,0.166016870654496,"BBWM Foliage2","B2","yes","N21","12",634791,100476,"5032",5032,NA,NA,"SPENCER BBWMFOLIAGE2 1213"
NA,NA,"foliage","EB","RM",4.12,1973.45434027778,76.5350499185406,478.993771912083,-28.1435693156744,-2.87501850086319,"BBWM Foliage2","B3","yes","O14","2",634792,100477,"5033",5033,NA,NA,"SPENCER BBWMFOLIAGE2 1213"
NA,NA,"foliage","EB","SM",4.24,1973.45434027778,92.0356106330844,465.437344405137,-28.3896217984119,-2.51149999577737,"BBWM Foliage2","B4","yes","P19","4",634793,100478,"5035",5035,NA,NA,"SPENCER BBWMFOLIAGE2 1213"
NA,NA,"foliage","EB","AB",4.06,1894.45971733869,87.6125831606292,466.615693925787,-29.7776120475243,1.77328043767142,"BBWM Foliage2","B5","yes","P21","2",634794,100479,"5037",5037,NA,NA,"SPENCER BBWMFOLIAGE2 1213"
NA,NA,"foliage","EB","YB",4.17,1853.12638755081,80.2602826403155,444.394817158467,-31.0721763879899,1.60236649806991,"BBWM Foliage2","B6","yes","P22","17",634795,100480,"5038",5038,NA,NA,"SPENCER BBWMFOLIAGE2 1213"
NA,NA,"foliage","EB","YB",4.28,2092.59661311795,93.8035438901657,488.924442317277,-30.7467777093946,-0.256373714001412,"BBWM Foliage2","B7","yes","Q18","5",634796,100481,"5043",5043,NA,NA,"SPENCER BBWMFOLIAGE2 1213"
NA,NA,"foliage","EB","YB",4.24,1853.12638755081,100.867975593343,437.058110271417,-30.3960829146898,-0.616995526662425,"BBWM Foliage2","B8","yes","Q18","1",634797,100482,"5044",5044,NA,NA,"SPENCER BBWMFOLIAGE2 1213"
NA,NA,"foliage","EB","SM",4.17,2013.08171943363,75.4701063049822,482.753409936123,-30.8164503580151,-1.58322463474063,"BBWM Foliage2","B9","yes","Q19","6",634798,100483,"5055",5055,NA,NA,"SPENCER BBWMFOLIAGE2 1213"
NA,NA,"foliage","EB","RM",4.23,2072.68537277529,70.4080346266043,489.996542027255,-29.7184536458741,-2.34877090909646,"BBWM Foliage2","B10","yes","Q19","7",634799,100484,"5056",5056,NA,NA,"SPENCER BBWMFOLIAGE2 1213"
NA,NA,"foliage","EB","SM",4.17,1993.25719088185,62.7592990094245,477.999326350563,-29.9890366926798,-2.51898048903623,"BBWM Foliage2","B11","yes","R15","13",634800,100485,"5057",5057,NA,NA,"SPENCER BBWMFOLIAGE2 1213"
NA,2011,"foliage","WB","RS",4,2052.79581038035,48.5824791061257,513.198952595088,-28.2612286483296,0.400441613870411,"BBWM Foliage2","B12","yes","D20","20",634801,100486,"5061",5061,NA,NA,"SPENCER BBWMFOLIAGE2 1213"
NA,2011,"foliage","WB","RS",3.85,1876.73372705212,45.3662261774673,487.463305727823,-30.3281944927789,5.79387204864825,"BBWM Foliage2","C1","yes","F23","14",634802,100493,"5062",5062,NA,NA,"SPENCER BBWMFOLIAGE2 1213"
NA,2011,"foliage","WB","RS",3.92,1933.9136729128,37.6733796044079,493.345324722653,-28.0417881990123,0.830223617148771,"BBWM Foliage2","C2","yes","F24","7",634803,100494,"5063",5063,NA,NA,"SPENCER BBWMFOLIAGE2 1213"
NA,2011,"foliage","WB","RS",3.96,2092.59661311795,49.2075869076728,528.433488161098,-30.4431192163455,4.11489239899027,"BBWM Foliage2","C3","yes","H13","22",634804,100495,"5064",5064,NA,NA,"SPENCER BBWMFOLIAGE2 1213"
NA,2011,"foliage","WB","RS",4.01,2013.08171943363,40.0900294979012,502.015391379958,-27.6459115804549,-1.23290944362022,"BBWM Foliage2","C4","yes","Q10","2",634805,100496,"5065",5065,NA,NA,"SPENCER BBWMFOLIAGE2 1213"
NA,2011,"foliage","EB","RS",3.89,2013.08171943363,37.4047808096674,517.501727360831,-28.3084522022339,1.17396180354981,"BBWM Foliage2","C5","yes","K23","12",634806,100497,"5066",5066,NA,NA,"SPENCER BBWMFOLIAGE2 1213"
NA,2011,"foliage","EB","RS",3.95,2032.92792593313,40.9847473277218,514.665297704591,-29.2137372416915,-1.76220477605838,"BBWM Foliage2","C6","yes","N21","8",634807,100498,"5067",5067,NA,NA,"SPENCER BBWMFOLIAGE2 1213"
NA,2011,"foliage","EB","RS",4.02,2013.08171943363,48.3145483826362,500.766596874038,-29.9382808646029,0.043525916444409,"BBWM Foliage2","C7","yes","P24","10",634808,100499,"5068",5068,NA,NA,"SPENCER BBWMFOLIAGE2 1213"
NA,2011,"foliage","EB","RS",3.95,2013.08171943363,40.8952837587305,509.640941628767,-29.4529395421943,-0.866839865124988,"BBWM Foliage2","C8","yes","S22","11",634809,100500,"5069",5069,NA,NA,"SPENCER BBWMFOLIAGE2 1213"
"skip",NA,"foliage",NA,NA,4.01,2052.79581038035,42.5053487248864,511.919154708317,-29.5038782916111,-0.894858987335422,"BBWM Foliage2","C9","yes",NA,NA,634810,100501,"R5069",NA,NA,NA,NA
