"skip","material","watershed","forest","year","plot","horizon","depth","sample_wt_mg","C_ug","N_ug","d13C_permil","d15N_permil","d13C_comment","d15N_comment","TrayName","WellID","enriched","OurLabID","analysis_number","sample_id","sample_id2","sample_identifier","source_file","C_mg_g"
NA,"roots","EB","HW",2013,"3","O","O",3.8,1845.29077519973,41.9159506106081,-28.3536267047311,27.4789846593153,NA,NA,"BBWM Roots3","A1","yes",690713,125830,"4201","4201",NA,"SPENCER BBWM-ROOTS 0414",485.602835578876
NA,"roots","EB","HW",2013,"3","B","0-5cm",3.93,1901.18791002587,22.0106836765652,-26.587804058491,4.92651967839684,NA,NA,"BBWM Roots3","A2","yes",690714,125831,"4203","4203",NA,"SPENCER BBWM-ROOTS 0414",483.762826978592
NA,"roots","EB","HW",2013,"3","B","5-25cm",3.84,1873.23811292847,19.2982376948376,-26.9567049603709,1.63420973562387,NA,"Precision decreases for samples containing less than 20ugN","BBWM Roots3","A3","yes",690715,125832,"4204","4204",NA,"SPENCER BBWM-ROOTS 0414",487.822425241789
NA,"roots","EB","HW",2013,"1","O","O",4.25,2068.93833935203,46.4433103941369,-28.2695961416333,36.6405689466353,NA,NA,"BBWM Roots3","A4","yes",690716,125833,"4205","4205",NA,"SPENCER BBWM-ROOTS 0414",486.809021024008
NA,"roots","EB","HW",2013,"1","B","0-5cm",4.36,2068.93833935203,26.6968965561841,-27.2157170148001,10.334072115867,NA,NA,"BBWM Roots3","A5","yes",690717,125834,"4207","4207",NA,"SPENCER BBWM-ROOTS 0414",474.527142053218
NA,"roots","EB","HW",2013,"1","B","5-25cm",3.89,1663.69302707391,19.2160495127364,-27.1561759569253,3.19093368318121,NA,"Precision decreases for samples containing less than 20ugN","BBWM Roots3","A6","yes",690718,125835,"4208","4208",NA,"SPENCER BBWM-ROOTS 0414",427.68458279535
NA,"roots","EB","HW",2013,"2","O","O",4.11,2013.01169210202,47.019611097438,-27.8455928742009,8.35709862153866,NA,NA,"BBWM Roots3","A7","yes",690719,125836,"4209","4209",NA,"SPENCER BBWM-ROOTS 0414",489.783866691488
NA,"roots",NA,NA,2013,NA,"E","E",4.32,2082.92153826995,30.8909822794261,-26.2702017066074,4.53580249297212,NA,NA,"BBWM Roots3","A8","yes",690720,125837,"4210",NA,NA,"SPENCER BBWM-ROOTS 0414",482.157763488413
NA,"roots","EB","HW",2013,"2","B","0-5cm",4.24,2013.01169210202,37.7189903146542,-27.5762871743564,3.38040535644809,NA,NA,"BBWM Roots3","A9","yes",690721,125838,"4211","4211",NA,"SPENCER BBWM-ROOTS 0414",474.766908514627
NA,"roots","EB","HW",2013,"2","B","5-25cm",3.83,1901.18791002587,32.8650482439252,-27.4929978484828,3.14501261462061,NA,NA,"BBWM Roots3","A10","yes",690722,125839,"4212","4212",NA,"SPENCER BBWM-ROOTS 0414",496.393710189521
NA,"roots","EB","HW",2013,"4","O","O",4.5,2264.75907483976,49.325020018431,-27.5709635447534,13.1330962850226,NA,NA,"BBWM Roots3","A11","yes",690723,125840,"4213","4213",NA,"SPENCER BBWM-ROOTS 0414",503.279794408835
NA,"roots",NA,NA,2013,NA,"E","E",4.09,1971.07316250723,28.6704476718393,-27.2046866956492,2.26038227177255,NA,NA,"BBWM Roots3","A12","yes",690724,125841,"4214",NA,NA,"SPENCER BBWM-ROOTS 0414",481.924978608125
NA,"roots","EB","HW",2013,"4","B","5-25cm",3.94,1915.16373083781,22.4217003001367,-27.8818138619856,3.31234947929217,NA,NA,"BBWM Roots3","B1","yes",690725,125845,"4216","4216",NA,"SPENCER BBWM-ROOTS 0414",486.082165187261
NA,"roots","EB","HW",2013,"5","O","O",4.42,2082.92153826995,26.1213231189379,-27.9458390585175,3.46613609319457,NA,NA,"BBWM Roots3","B2","yes",690726,125846,"4217","4217",NA,"SPENCER BBWM-ROOTS 0414",471.249216803155
NA,"roots","EB","HW",2013,"5","B","0-5cm",4.21,2040.9737860427,32.8650482439252,-25.7687579583204,9.07022812815571,NA,NA,"BBWM Roots3","B3","yes",690727,125847,"4219","4219",NA,"SPENCER BBWM-ROOTS 0414",484.791873169287
NA,"roots","EB","HW",2013,"5","B","5-25cm",3.8,1761.46351822544,28.0948035690655,-25.7293746714682,8.9228213917346,NA,NA,"BBWM Roots3","B4","yes",690728,125848,"4220","4220",NA,"SPENCER BBWM-ROOTS 0414",463.543031111959
NA,"roots","EB","SW",2013,"2","O","O",4.44,2320.72999072558,40.4345455795961,-26.1707686349626,3.68369257332772,NA,NA,"BBWM Roots3","B5","yes",690729,125849,"4221","4221",NA,"SPENCER BBWM-ROOTS 0414",522.686934848105
NA,"roots","EB","SW",2013,"1","O","O",3.8,2068.93833935203,43.5621160393149,-26.2744904876119,7.1255142183839,NA,NA,"BBWM Roots3","B6","yes",690730,125850,"4225","4225",NA,"SPENCER BBWM-ROOTS 0414",544.457457724219
NA,"roots","EB","SW",2013,"1","B","0-5cm",4.14,2138.86048236324,26.8613498953363,-27.0679890923208,2.06998514626278,NA,NA,"BBWM Roots3","B7","yes",690731,125851,"4227","4227",NA,"SPENCER BBWM-ROOTS 0414",516.632966754406
NA,"roots","EB","SW",2013,"1","B","5-25cm",4.12,2026.99243165128,21.76407874996,-26.8929532437096,1.20618630852561,NA,NA,"BBWM Roots3","B8","yes",690732,125852,"4228","4228",NA,"SPENCER BBWM-ROOTS 0414",491.98845428429
NA,"roots","EB","SW",2013,"3","O","O",3.92,2068.93833935203,34.181226821263,-26.3905185269572,16.6329301343409,NA,NA,"BBWM Roots3","B9","yes",690733,125853,"4229","4229",NA,"SPENCER BBWM-ROOTS 0414",527.790392691845
NA,"roots",NA,NA,2013,NA,"E","E",4.04,1999.03156739492,32.4537645214846,-27.0559788742636,3.44291183885206,NA,NA,"BBWM Roots3","B10","yes",690734,125854,"4230",NA,NA,"SPENCER BBWM-ROOTS 0414",494.809793909635
NA,"roots","EB","SW",2013,"3","B","0-5cm",3.81,1719.55819010752,18.7229292533199,-26.6988583463556,0.47523075735779,NA,"Precision decreases for samples containing less than 20ugN","BBWM Roots3","B11","yes",690735,125855,"4231","4231",NA,"SPENCER BBWM-ROOTS 0414",451.327608952104
NA,"roots","EB","SW",2013,"3","B","5-25cm",4.01,2166.83364346287,39.9407741878182,-26.3476175771898,21.9920210121943,NA,NA,"BBWM Roots3","B12","yes",690736,125856,"4233","4232",NA,"SPENCER BBWM-ROOTS 0414",540.357517073036
NA,"roots","EB","SW",2013,"4","B","0-5cm",4.19,1957.09488232663,26.1213231189379,-27.9355841523461,2.59698672283936,NA,NA,"BBWM Roots3","C1","yes",690737,125863,"4235","4235",NA,"SPENCER BBWM-ROOTS 0414",467.087084087501
NA,"roots","EB","SW",2013,"4","B","5-25cm",3.85,1915.16373083781,21.1886819765328,-27.1120816427743,1.81291244732437,NA,NA,"BBWM Roots3","C2","yes",690738,125864,"4236","4236",NA,"SPENCER BBWM-ROOTS 0414",497.445124892938
NA,"roots","EB","SW",2013,"5","O","O",4.37,2222.78734376811,53.1131934405861,-27.0157646148055,7.37179561180127,NA,NA,"BBWM Roots3","C3","yes",690739,125865,"4237","4237",NA,"SPENCER BBWM-ROOTS 0414",508.64698942062
NA,"roots","EB","SW",2013,"5","B","0-5cm",4.33,2096.90535203002,24.5591562558489,-26.8618975486056,0.935580797945329,NA,NA,"BBWM Roots3","C4","yes",690740,125866,"4239","4239",NA,"SPENCER BBWM-ROOTS 0414",484.273753355664
NA,"roots","EB","SW",2013,"5","B","5-25cm",3.82,1887.21270405608,24.1480849506192,-26.7067525878197,3.06069339420435,NA,NA,"BBWM Roots3","C5","yes",690741,125867,"4240","4240",NA,"SPENCER BBWM-ROOTS 0414",494.034739281698
NA,"roots","WB","HW",2013,"2","O","O",4.5,2334.72425680245,56.7374965141916,-26.6795598366221,11.744056763551,NA,NA,"BBWM Roots3","C6","yes",690742,125868,"4241","4241",NA,"SPENCER BBWM-ROOTS 0414",518.827612622767
NA,"roots","WB","HW",2013,"2","B","0-5cm",4.05,2040.9737860427,41.4221337909911,-27.0898304294455,4.79866759325209,NA,NA,"BBWM Roots3","C7","yes",690743,125869,"4243a","4243",NA,"SPENCER BBWM-ROOTS 0414",503.9441447019
NA,"roots","WB","HW",2013,"2","B","5-25cm",4.05,2068.93833935203,37.554425929673,-26.4222852315092,4.37129214600673,NA,NA,"BBWM Roots3","C8","yes",690744,125870,"4244","4244",NA,"SPENCER BBWM-ROOTS 0414",510.848972679514
NA,"roots","WB","HW",2013,"1","O","O",4.19,2138.86048236324,71.1603985709553,-28.9110213680583,37.5338118545229,NA,NA,"BBWM Roots3","C9","yes",690745,125871,"4245","4245",NA,"SPENCER BBWM-ROOTS 0414",510.467895552086
NA,"roots","WB","HW",2013,"1","B","0-5cm",4.14,2040.9737860427,44.7968505257319,-26.3786215448935,10.7549122471742,NA,NA,"BBWM Roots3","C10","yes",690746,125872,"4247","4247",NA,"SPENCER BBWM-ROOTS 0414",492.988837208381
NA,"roots","WB","HW",2013,"1","B","5-25cm",3.93,1929.14016649192,38.3772646797049,-26.6767597666453,12.9953297844191,NA,NA,"BBWM Roots3","C11","yes",690747,125873,"4248","4248",NA,"SPENCER BBWM-ROOTS 0414",490.875360430514
NA,"roots","WB","HW",2013,"3","O","O",4.05,2096.90535203002,58.3851762042041,-27.9086804494141,28.6935205266848,NA,NA,"BBWM Roots3","C12","yes",690748,125874,"4249","4249",NA,"SPENCER BBWM-ROOTS 0414",517.754407908648
NA,"roots","WB","HW",2013,"3","B","0-5cm",4.01,2013.01169210202,43.6444287273457,-26.6789777769178,4.38682969197977,NA,NA,"BBWM Roots3","D1","yes",690749,125878,"4251","4251",NA,"SPENCER BBWM-ROOTS 0414",501.997928204992
NA,"roots","WB","HW",2013,"3","B","5-25cm",4.05,2013.01169210202,43.891369315207,-26.383735076598,4.8829492428007,NA,NA,"BBWM Roots3","D2","yes",690750,125879,"4252","4252",NA,"SPENCER BBWM-ROOTS 0414",497.039923975807
NA,"roots","WB","HW",2013,"4","O","O",4.21,2096.90535203002,57.1494006631395,-27.6517522416637,15.2011277602042,NA,NA,"BBWM Roots3","D3","yes",690751,125880,"4253","4253",NA,"SPENCER BBWM-ROOTS 0414",498.077280767227
NA,"roots",NA,NA,2013,NA,"E","E",4.06,2026.99243165128,45.2084497192779,-27.7957071591642,10.8567647804716,NA,NA,"BBWM Roots3","D4","yes",690752,125881,"4254",NA,NA,"SPENCER BBWM-ROOTS 0414",499.259219618541
NA,"roots","WB","HW",2013,"4","B","0-5cm",4.39,2124.87482407667,39.9407741878182,-26.6889703977212,8.60134901446996,NA,NA,"BBWM Roots3","D5","yes",690753,125882,"4255","4255",NA,"SPENCER BBWM-ROOTS 0414",484.026155826121
NA,"roots","WB","HW",2013,"4","B","5-25cm",4.45,2152.84675549198,38.4595508681628,-27.3834859765543,9.09748596818194,NA,NA,"BBWM Roots3","D6","yes",690754,125883,"4256","4256",NA,"SPENCER BBWM-ROOTS 0414",483.785787751006
NA,"roots","WB","HW",2013,"5","O","O",4.02,2110.88978063227,61.0218136708368,-28.1887234049571,11.5968411172141,NA,NA,"BBWM Roots3","D7","yes",690755,125884,"4257","4257",NA,"SPENCER BBWM-ROOTS 0414",525.096960356285
NA,"roots",NA,NA,2013,NA,"E","E",4.06,1747.4944606773,48.6662981050389,-26.4021980024384,15.3372077351992,NA,NA,"BBWM Roots3","D8","yes",690756,125885,"4258",NA,NA,"SPENCER BBWM-ROOTS 0414",430.417354846626
NA,"roots","WB","HW",2013,"5","B","0-5cm",4.02,1971.07316250723,41.0929309904758,-27.5940085346257,5.5299242511824,NA,NA,"BBWM Roots3","D9","yes",690757,125886,"4259","4259",NA,"SPENCER BBWM-ROOTS 0414",490.316707091351
NA,"roots","WB","SW",2013,"5","O","O",4.43,2320.72999072558,53.6897326400428,-26.5537777819047,7.24797208835925,NA,NA,"BBWM Roots3","D10","yes",690758,125887,"4261","4261",NA,"SPENCER BBWM-ROOTS 0414",523.866815062209
NA,"roots",NA,NA,2013,NA,"E","E",4.44,2152.84675549198,74.4588705992196,-25.87417064797,5.83227484674472,NA,NA,"BBWM Roots3","D11","yes",690759,125888,"4262",NA,NA,"SPENCER BBWM-ROOTS 0414",484.875395381076
NA,"roots","WB","SW",2013,"5","B","0-5cm",4.16,2124.87482407667,41.7513433215566,-26.7014204283453,3.2669344178896,NA,NA,"BBWM Roots3","D12","yes",690760,125889,"4263","4263",NA,"SPENCER BBWM-ROOTS 0414",510.787217326123
NA,"roots","WB","SW",2013,"5","B","5-25cm",4.45,2250.76788297371,36.8139070183502,-26.821408887476,2.95063211726085,NA,NA,"BBWM Roots3","E1","yes",690761,125893,"4264","4264",NA,"SPENCER BBWM-ROOTS 0414",505.79053549971
NA,"roots","WB","SW",2013,"1","O","O",4.11,2180.82114627594,43.2328694934731,-26.2154524071281,8.60689917287797,NA,NA,"BBWM Roots3","E2","yes",690762,125894,"4265","4265",NA,"SPENCER BBWM-ROOTS 0414",530.613417585386
NA,"roots","WB","SW",2013,"1","B","0-5cm",4.75,2166.83364346287,37.8012731380871,-26.5463430524131,5.80535435662262,NA,NA,"BBWM Roots3","E3","yes",690763,125895,"4267","4267",NA,"SPENCER BBWM-ROOTS 0414",456.175503886921
NA,"roots","WB","SW",2013,"1","B","5-25cm",3.93,1957.09488232663,18.5585591985395,-26.074335595008,3.90210558804524,NA,"Precision decreases for samples containing less than 20ugN","BBWM Roots3","E4","yes",690764,125896,"4268","4268",NA,"SPENCER BBWM-ROOTS 0414",497.988519675987
NA,"roots","WB","SW",2013,"2","O","O",4.08,2194.80926393116,38.9532768321016,-28.1226558012807,19.3574842218673,NA,NA,"BBWM Roots3","E5","yes",690765,125897,"4269","4269",NA,"SPENCER BBWM-ROOTS 0414",537.943447041952
NA,"roots","WB","SW",2013,"2","B","0-5cm",3.98,1943.11721698819,25.8746550981116,-26.6490048959747,7.09656795689546,NA,NA,"BBWM Roots3","E6","yes",690766,125898,"4271","4271",NA,"SPENCER BBWM-ROOTS 0414",488.22040627844
NA,"roots","WB","SW",2013,"2","B","5-25cm",4.37,2194.80926393116,36.5670749525492,-26.4116389993061,8.26014826107296,NA,NA,"BBWM Roots3","E7","yes",690767,125899,"4272","4272",NA,"SPENCER BBWM-ROOTS 0414",502.244682821776
NA,"roots","WB","SW",2013,"3","O","O",4.43,2404.70480981925,45.7847062566242,-26.6185752180301,7.95477732194822,NA,NA,"BBWM Roots3","E8","yes",690768,125900,"4273","4273",NA,"SPENCER BBWM-ROOTS 0414",542.822756166874
NA,"roots","WB","SW",2013,"3","B","0-5cm",4.45,2264.75907483976,27.3547200078682,-27.3778737304286,3.52237431151962,NA,NA,"BBWM Roots3","E9","yes",690769,125901,"4275","4275",NA,"SPENCER BBWM-ROOTS 0414",508.934623559496
NA,"roots","WB","SW",2013,"3","B","5-25cm",4.29,2194.80926393116,39.2824358872902,-27.6647470671511,3.33639723647924,NA,NA,"BBWM Roots3","E10","yes",690770,125902,"4276","4276",NA,"SPENCER BBWM-ROOTS 0414",511.610551032905
NA,"roots","WB","SW",2013,"4","O","O",4.47,2334.72425680245,57.0670189920936,-26.3049259835397,6.01043400868441,NA,NA,"BBWM Roots3","E11","yes",690771,125903,"4277","4277",NA,"SPENCER BBWM-ROOTS 0414",522.309677137014
NA,"roots",NA,NA,2013,NA,"E","E",3.91,1901.18791002587,38.2126935646734,-26.1367856744443,5.28822681148327,NA,NA,"BBWM Roots3","E12","yes",690772,125904,"4278",NA,NA,"SPENCER BBWM-ROOTS 0414",486.237317142165
NA,"roots","WB","SW",2013,"4","B","0-5cm",3.83,1915.16373083781,37.0607428698045,-26.1290078291394,4.99246898009403,NA,NA,"BBWM Roots3","F1","yes",690773,125907,"4279","4279",NA,"SPENCER BBWM-ROOTS 0414",500.042749566008
NA,"roots","WB","SW",2013,"4","B","5-25cm",4.3,2152.84675549198,27.4369498321553,-25.9447201744747,4.08211547397386,NA,NA,"BBWM Roots3","F2","yes",690774,125908,"4280","4280",NA,"SPENCER BBWM-ROOTS 0414",500.662036160925
NA,"roots","EB","HW",2013,"4","B","0-5cm",3.8,1719.55819010752,20.531110901733,-27.8308728804236,3.5907018938742,NA,NA,"BBWM Roots3","F3","yes",690775,125909,"4215","4215",NA,"SPENCER BBWM-ROOTS 0414",452.515313186188
NA,"roots","WB","HW",2013,"2","B","0-5cm",3.91,2026.99243165128,42.245170236249,-27.1825757107191,4.74238385579983,NA,NA,"BBWM Roots3","F4","yes",690776,125910,"4243b","4243",NA,"SPENCER BBWM-ROOTS 0414",518.412386611579
NA,"roots","EB","HW",2012,"2","O","O",4.07,2122.58795104249,46.5246936708003,-28.0420909748317,8.66621427344971,NA,NA,"Spencer BBWM Roots2","A1",NA,NA,NA,"4017",NA,"4017","SPENCER BBWMFOLIAGE&ROOTS 0313",521.520381091521
NA,"roots","EB","HW",2012,"2","B","B",3.9,2207.33078105617,30.0036011547826,-26.8887752309641,2.87389520303338,NA,NA,"Spencer BBWM Roots2","A2",NA,NA,NA,"4018",NA,"4018","SPENCER BBWMFOLIAGE&ROOTS 0313",565.982251552865
NA,"roots","EB","HW",2012,"4","O","O",3.9,1910.54030002109,47.9257962333387,-28.2932359694471,3.61051789512312,NA,NA,"Spencer BBWM Roots2","A3",NA,NA,NA,"4022",NA,"4022","SPENCER BBWMFOLIAGE&ROOTS 0313",489.882128210536
NA,"roots","EB","HW",2012,"4","B","B",3.97,1623.90501540706,29.0912772879792,-27.8671521065794,2.54585150794973,NA,NA,"Spencer BBWM Roots2","A4",NA,NA,NA,"4023",NA,"4023","SPENCER BBWMFOLIAGE&ROOTS 0313",409.044084485406
NA,"roots","EB","HW",2012,"5","O","O",4.06,2062.54454770594,35.067697368756,-29.2438625073837,5.23953558735379,NA,NA,"Spencer BBWM Roots2","A5",NA,NA,NA,"4027",NA,"4027","SPENCER BBWMFOLIAGE&ROOTS 0313",508.015898449738
NA,"roots","EB","HW",2012,"5","B","B",4.05,1910.06406580665,24.4625493110571,-28.1938611435591,0.902648809825823,NA,NA,"Spencer BBWM Roots2","A6",NA,NA,NA,"4028",NA,"4028","SPENCER BBWMFOLIAGE&ROOTS 0313",471.620756989296
NA,"roots","EB","SW",2012,"2","O","O",4.05,2210.3725883696,74.7092844400692,-26.9863741016523,8.79767664923525,NA,NA,"Spencer BBWM Roots2","A7",NA,NA,NA,"4032",NA,"4032","SPENCER BBWMFOLIAGE&ROOTS 0313",545.771009473977
NA,"roots","EB","SW",2012,"2","O","O",3.99,2012.0850365353,35.2655921091524,-26.0187364281662,-1.16492330941631,NA,"-0.37718488180776832","Spencer BBWM Roots2","A8",NA,NA,NA,"4033",NA,"4033","SPENCER BBWMFOLIAGE&ROOTS 0313",504.281964043935
NA,"roots","EB","SW",2012,"2","O","O",4.09,2137.54209516914,35.5194921012113,-25.7724408135194,0.410553545800774,NA,NA,"Spencer BBWM Roots2","A9",NA,NA,NA,"4034",NA,"4034","SPENCER BBWMFOLIAGE&ROOTS 0313",522.62642913671
NA,"roots","EB","SW",2012,"2","B","B",4,1748.92198439232,29.2870814196643,-25.4900932223029,2.64871953509371,NA,NA,"Spencer BBWM Roots2","A10",NA,NA,NA,"4036",NA,"4036","SPENCER BBWMFOLIAGE&ROOTS 0313",437.23049609808
NA,"roots","EB","SW",2012,"4","O","O",4.09,2061.95080335374,33.8460116595538,-26.3248251566546,-0.397659612583534,NA,NA,"Spencer BBWM Roots2","A11",NA,NA,NA,"4053",NA,"4053","SPENCER BBWMFOLIAGE&ROOTS 0313",504.144450697735
NA,"roots","EB","SW",2012,"4","B","B",3.95,2039.88458401983,35.8445088175535,-26.6544355970198,1.8260236379084,NA,NA,"Spencer BBWM Roots2","A12",NA,NA,NA,"4054",NA,"4054","SPENCER BBWMFOLIAGE&ROOTS 0313",516.426476967045
NA,"roots","EB","SW",2012,"5","O","O",4.07,1983.6324492462,42.7916580306491,-27.9368966826024,4.00327365153519,NA,NA,"Spencer BBWM Roots2","B1",NA,NA,NA,"4058",NA,"4058","SPENCER BBWMFOLIAGE&ROOTS 0313",487.378980158771
NA,"roots","EB","SW",2012,"5","B","B",4.12,1979.97362491064,29.1701586008697,-26.5987362256234,1.15200967515872,NA,NA,"Spencer BBWM Roots2","B2",NA,NA,NA,"4059",NA,"4059","SPENCER BBWMFOLIAGE&ROOTS 0313",480.576122551127
NA,"roots","WB","HW",2012,"2","O","O",3.99,2039.53164981988,95.2796970722785,-26.8922173595486,37.6069741439902,NA,NA,"Spencer BBWM Roots2","B3",NA,NA,NA,"4063",NA,"4063","SPENCER BBWMFOLIAGE&ROOTS 0313",511.160814491197
NA,"roots","WB","HW",2012,"2","O","O",4.12,2021.1074746141,65.3318039427556,-27.2651095238754,17.5022368881246,NA,"13.492538343745085","Spencer BBWM Roots2","B4",NA,NA,NA,"4064",NA,"4064","SPENCER BBWMFOLIAGE&ROOTS 0313",490.560066653908
NA,"roots","WB","HW",2012,"2","O","O",4.05,2142.7599579777,39.4153236623321,-27.3365022309057,9.48283979936559,NA,NA,"Spencer BBWM Roots2","B5",NA,NA,NA,"4065",NA,"4065","SPENCER BBWMFOLIAGE&ROOTS 0313",529.076532834
NA,"roots","WB","HW",2012,"2","B","B",3.98,1861.98340244577,45.4791423191871,-26.8671555812035,8.25552182550537,NA,NA,"Spencer BBWM Roots2","B6",NA,NA,NA,"4067",NA,"4067","SPENCER BBWMFOLIAGE&ROOTS 0313",467.835025740143
NA,"roots","WB","HW",2012,"4","O","O",4.18,1950.9693218096,86.2657732665273,-27.786536698525,16.2027908598024,NA,NA,"Spencer BBWM Roots2","B7",NA,NA,NA,"4084",NA,"4084","SPENCER BBWMFOLIAGE&ROOTS 0313",466.739072203252
NA,"roots","WB","HW",2012,"4","B","B",3.91,1796.80749604647,41.7341336750164,-27.941211421636,3.67157711344679,NA,NA,"Spencer BBWM Roots2","B8",NA,NA,NA,"4085",NA,"4085","SPENCER BBWMFOLIAGE&ROOTS 0313",459.54155909117
NA,"roots","WB","HW",2012,"5","O","O",4.15,2074.85227669436,63.1215622536569,-28.24011198429,10.3369966324238,NA,NA,"Spencer BBWM Roots2","B9",NA,NA,NA,"4089",NA,"4089","SPENCER BBWMFOLIAGE&ROOTS 0313",499.964404022738
NA,"roots","WB","HW",2012,"5","B","B",4.07,1520.96798231641,41.7961927679053,-26.9706791874706,4.21274964917662,NA,NA,"Spencer BBWM Roots2","B10",NA,NA,NA,"4090",NA,"4090","SPENCER BBWMFOLIAGE&ROOTS 0313",373.702206957348
NA,"roots","WB","SW",2012,"5","O","O",4.04,2090.28925039944,72.7696579031831,-26.4441863808528,6.51872363255479,NA,NA,"Spencer BBWM Roots2","B11",NA,NA,NA,"4094",NA,"4094","SPENCER BBWMFOLIAGE&ROOTS 0313",517.398329306791
NA,"roots","WB","SW",2012,"5","O","O",4,2225.54617706919,65.4107049048569,-26.6212786298067,3.9349732236782,NA,"4.3427336246064652","Spencer BBWM Roots2","B12",NA,NA,NA,"4095",NA,"4095","SPENCER BBWMFOLIAGE&ROOTS 0313",556.386544267297
NA,"roots","WB","SW",2012,"5","O","O",4.11,2007.16308176368,50.1650027343788,-26.6414107165815,4.75049402553473,NA,NA,"Spencer BBWM Roots2","C1",NA,NA,NA,"4096",NA,"4096","SPENCER BBWMFOLIAGE&ROOTS 0313",488.360847144448
NA,"roots","WB","SW",2012,"5","B","B",4.18,1750.75694873622,30.5798978333808,-27.4043174600276,5.46052503409,NA,NA,"Spencer BBWM Roots2","C2",NA,NA,NA,"4098",NA,"4098","SPENCER BBWMFOLIAGE&ROOTS 0313",418.841375295747
NA,"roots","WB","SW",2012,"3","O","O",3.93,2023.83435101606,52.2708304402902,-27.3303259413306,14.3307656534746,NA,NA,"Spencer BBWM Roots2","C3",NA,NA,NA,"4115",NA,"4115","SPENCER BBWMFOLIAGE&ROOTS 0313",514.970572777623
NA,"roots","WB","SW",2012,"3","B","B",4.06,1719.58927249291,29.9008063123624,-26.2711208804492,4.30216764897828,NA,NA,"Spencer BBWM Roots2","C4",NA,NA,NA,"4116",NA,"4116","SPENCER BBWMFOLIAGE&ROOTS 0313",423.54415578643
NA,"roots","WB","SW",2012,"4","O","O",3.95,1964.32491009522,43.8707248595698,-26.5940459075274,5.7291026944879,NA,NA,"Spencer BBWM Roots2","C5",NA,NA,NA,"4120",NA,"4120","SPENCER BBWMFOLIAGE&ROOTS 0313",497.297445593727
NA,"roots","WB","SW",2012,"4","B","B",4.11,2119.26253938091,36.5623745798144,-26.9180919344816,2.71427316954975,NA,NA,"Spencer BBWM Roots2","C6",NA,NA,NA,"4121",NA,"4121","SPENCER BBWMFOLIAGE&ROOTS 0313",515.635654350586
"skip","roots","WB","SW",2012,"4","B","B",4.13,1943.30470069903,33.7233312675838,-26.7228537676815,2.88143144691722,NA,NA,"Spencer BBWM Roots2","C7",NA,NA,NA,"4121",NA,"R4121","SPENCER BBWMFOLIAGE&ROOTS 0313",470.533825835117
"skip","roots","WB","SW",2012,"4","B","B",4.12,2031.28362003997,35.1428529236991,-26.8204728510815,2.79785230823348,NA,NA,"Spencer BBWM Roots2","--",NA,NA,NA,"4121",NA,"mean4121","SPENCER BBWMFOLIAGE&ROOTS 0313",493.030004864071
NA,"roots","EB","HW",NA,NA,"O","O",4.26,2097.23960345843,57.6614039504652,-28.2253469648955,2.66911405697396,NA,NA,"BBWM ROOT 1","A1","NO",391173,145574,"R1","R1",NA,"FROM COPY OF SPENCER BBWMROOT1&2 0312-3",492.309766070055
NA,"roots","EB","HW",NA,NA,"O","O",4.09,2146.79342365844,66.4366045208924,-28.7868835293982,1.61077872507239,NA,NA,"BBWM ROOT 1","A2","NO",391174,145575,"R2","R2",NA,"FROM COPY OF SPENCER BBWMROOT1&2 0312-3",524.888367642649
NA,"roots","EB","HW",NA,NA,"O","O",4.26,2233.87076686039,56.6821138994313,-28.7711750650946,1.47189784458373,NA,NA,"BBWM ROOT 1","A3","NO",391175,145576,"R3","R3",NA,"FROM COPY OF SPENCER BBWMROOT1&2 0312-3",524.382809122158
NA,"roots","EB","HW",NA,NA,"O","O",4.44,2072.51851016653,37.5814023117222,-28.4759740440975,2.29740899747229,NA,NA,"BBWM ROOT 1","A4","NO",391176,145577,"R4","R4",NA,"FROM COPY OF SPENCER BBWMROOT1&2 0312-3",466.783448235705
NA,"roots","EB","HW",NA,NA,"O","O",4.01,1986.28772188738,36.3188403575158,-28.9176780220711,1.07125625903302,NA,NA,"BBWM ROOT 1","A5","NO",391177,145578,"R5","R5",NA,"FROM COPY OF SPENCER BBWMROOT1&2 0312-3",495.333596480643
NA,"roots","EB","HW",NA,NA,"O","O",4.36,2109.61410430641,26.7054284282393,-25.6807470115268,-0.540921425925746,NA,NA,"BBWM ROOT 1","A6","NO",391178,145579,"R6","R6",NA,"FROM COPY OF SPENCER BBWMROOT1&2 0312-3",483.856445941837
NA,"roots","EB","HW",NA,NA,"B","0-5cm",4.54,2271.3291702529,42.2872765288799,-28.0220645419471,2.62512338987373,NA,NA,"BBWM ROOT 1","A7","NO",391179,145580,"R7","R7",NA,"FROM COPY OF SPENCER BBWMROOT1&2 0312-3",500.292768778172
NA,"roots","EB","HW",NA,NA,"B","0-5cm",4.07,2035.5066412388,54.0665008371415,-28.0304117572603,2.88282320254359,NA,NA,"BBWM ROOT 1","A8","NO",391180,145581,"R8","R8",NA,"FROM COPY OF SPENCER BBWMROOT1&2 0312-3",500.124481876855
NA,"roots","EB","HW",NA,NA,"B","0-5cm",4.38,2233.87076686039,52.9530273013561,-28.4453663348314,2.21490316505675,NA,NA,"BBWM ROOT 1","A9","NO",391181,145582,"R9","R9",NA,"FROM COPY OF SPENCER BBWMROOT1&2 0312-3",510.016156817441
NA,"roots","EB","HW",NA,NA,"B","0-5cm",4.34,2246.34759852321,30.5201434719211,-27.9791141096683,1.12375970826654,NA,NA,"BBWM ROOT 1","A10","NO",391182,145583,"R10","R10",NA,"FROM COPY OF SPENCER BBWMROOT1&2 0312-3",517.591612562952
NA,"roots","EB","HW",NA,NA,"B","0-5cm",4.35,2246.34759852321,37.8470303242107,-28.0844887009555,0.674601071664923,NA,NA,"BBWM ROOT 1","A11","NO",391183,145584,"R11","R11",NA,"FROM COPY OF SPENCER BBWMROOT1&2 0312-3",516.401746786945
NA,"roots","EB","HW",NA,NA,"B","0-5cm",4,2047.83462808003,25.4311177899977,-27.0459853059736,-0.709295444547541,NA,NA,"BBWM ROOT 1","A12","NO",391184,145585,"R12","R12",NA,"FROM COPY OF SPENCER BBWMROOT1&2 0312-3",511.958657020007
NA,"roots","EB","HW",NA,NA,"B","5-25cm",4.38,2084.87440541181,30.3865024675755,-28.2152582100377,1.60469935102325,NA,NA,"BBWM ROOT 1","B1","NO",391185,145589,"R13","R13",NA,"FROM COPY OF SPENCER BBWMROOT1&2 0312-3",475.99872269676
NA,"roots","EB","HW",NA,NA,"B","5-25cm",4.13,1998.57849752321,32.3228118482159,-27.5462526584016,1.87139058444854,NA,NA,"BBWM ROOT 1","B2","NO",391186,145590,"R14","R14",NA,"FROM COPY OF SPENCER BBWMROOT1&2 0312-3",483.917311748961
NA,"roots","EB","HW",NA,NA,"B","5-25cm",4.34,2196.49608868003,44.9300515471569,-28.0979664764017,1.74509001989847,NA,NA,"BBWM ROOT 1","B3","NO",391187,145591,"R15","R15",NA,"FROM COPY OF SPENCER BBWMROOT1&2 0312-3",506.10508955761
NA,"roots","EB","HW",NA,NA,"B","5-25cm",4.1,2072.51851016653,30.3196762750488,-27.9734595802389,0.822089987428023,NA,NA,"BBWM ROOT 1","B4","NO",391188,145592,"R16","R16",NA,"FROM COPY OF SPENCER BBWMROOT1&2 0312-3",505.492319552813
NA,"roots","EB","HW",NA,NA,"B","5-25cm",4.09,2023.18795719892,27.5095505958757,-27.4743527321286,0.526634824803447,NA,NA,"BBWM ROOT 1","B5","NO",391189,145593,"R17","R17",NA,"FROM COPY OF SPENCER BBWMROOT1&2 0312-3",494.666982200225
NA,"roots","EB","HW",NA,NA,"B","5-25cm",4.18,2060.1719177226,29.1830505859967,-26.9461050917526,-0.0565756863968669,NA,NA,"BBWM ROOT 1","B6","NO",391190,145594,"R18","R18",NA,"FROM COPY OF SPENCER BBWMROOT1&2 0312-3",492.864095148948
NA,"roots","EB","HW",NA,NA,"B","25-50cm",4,2134.39101440641,32.8564047118645,-27.7995779560152,1.59301702460028,NA,NA,"BBWM ROOT 1","B7","NO",391191,145595,"R19","R19",NA,"FROM COPY OF SPENCER BBWMROOT1&2 0312-3",533.597753601603
NA,"roots","EB","HW",NA,NA,"B","25-50cm",4.29,2196.49608868003,33.1231100980262,-28.1815314986473,0.22683784152509,NA,NA,"BBWM ROOT 1","B8","NO",391192,145596,"R20","R20",NA,"FROM COPY OF SPENCER BBWMROOT1&2 0312-3",512.003750275065
"skip","roots","EB","HW",NA,NA,"B","25-50cm",4.41,2447.24208611187,37.6478150051982,-28.2399536885134,0.621691450876655,NA,NA,"BBWM ROOT 1","B9","NO",391193,145597,"RR20","R20",NA,"FROM COPY OF SPENCER BBWMROOT1&2 0312-3",554.930178256659
NA,"roots","EB","HW",NA,NA,"B","25-C",4.28,2459.87706539763,38.1789799845127,-28.2001098212474,1.23721697499532,NA,NA,"BBWM ROOT 1","B10","NO",391194,145598,"R21","R21",NA,"FROM COPY OF SPENCER BBWMROOT1&2 0312-3",574.73763210225
NA,"roots","EB","HW",NA,NA,"B","25-50cm",4.41,2121.99790795574,29.9854884088764,-27.7307518148891,0.542778998640512,NA,NA,"BBWM ROOT 1","B11","NO",391195,145599,"R22","R22",NA,"FROM COPY OF SPENCER BBWMROOT1&2 0312-3",481.178663935541
NA,"roots","EB","HW",NA,NA,"B","25-50cm",4.21,2023.18795719892,25.2969001631228,-26.8297146244223,0.0717264441082596,NA,NA,"BBWM ROOT 1","B12","NO",391196,145600,"R23","R23",NA,"FROM COPY OF SPENCER BBWMROOT1&2 0312-3",480.567210736085
NA,"roots","EB","HW",NA,NA,"B","25-C",4.06,2060.1719177226,24.0882586787799,-27.4631780250962,0.37842222777956,NA,NA,"BBWM ROOT 1","C1","NO",391197,145603,"R24","R24",NA,"FROM COPY OF SPENCER BBWMROOT1&2 0312-3",507.431506828228
NA,"roots","EB","HW",NA,NA,"B","50-C",4.38,2283.83391031977,38.7762503781922,-27.7106946728665,2.9253362625157,NA,NA,"BBWM ROOT 1","C2","NO",391198,145604,"R25","R25",NA,"FROM COPY OF SPENCER BBWMROOT1&2 0312-3",521.423267196294
NA,"roots","EB","HW",NA,NA,"B","50-C",4.24,2084.87440541181,33.1897769606435,-29.6130158624412,0.694194278482398,NA,NA,"BBWM ROOT 1","C3","NO",391199,145605,"R26","R26",NA,"FROM COPY OF SPENCER BBWMROOT1&2 0312-3",491.715661653728
NA,"roots","EB","HW",NA,NA,"B","50-C",4.43,2296.34795318799,33.4564064754198,-27.3764658635169,1.51326153227536,NA,NA,"BBWM ROOT 1","C4","NO",391200,145606,"R27","R27",NA,"FROM COPY OF SPENCER BBWMROOT1&2 0312-3",518.362969116927
NA,"roots","EB","HW",NA,NA,"B","50-C",4.22,1706.16745543574,17.9590903011311,-26.2210509240457,0.169089838390372,NA,"Precision decreases for samples containing less than 20ugN","BBWM ROOT 1","C5","NO",391201,145607,"R28","R28",NA,"FROM COPY OF SPENCER BBWMROOT1&2 0312-3",404.305084226479
NA,"roots","EB","SW",NA,NA,"O","O",4.05,2233.87076686039,50.3944454357328,-27.3931253202879,-0.649012051498471,NA,NA,"BBWM ROOT 1","C6","NO",391202,145608,"R29","R29",NA,"FROM COPY OF SPENCER BBWMROOT1&2 0312-3",551.573028854418
NA,"roots","EB","SW",NA,NA,"O","O",4.15,2060.1719177226,40.7649324524331,-26.1527133475327,-1.07496423584395,NA,NA,"BBWM ROOT 1","C7","NO",391203,145609,"R30","R30",NA,"FROM COPY OF SPENCER BBWMROOT1&2 0312-3",496.426968125929
NA,"roots","EB","SW",NA,NA,"O","O",3.9,2134.39101440641,40.7649324524331,-26.558311119372,0.107254138862093,NA,NA,"BBWM ROOT 1","C8","NO",391204,145610,"R31","R31",NA,"FROM COPY OF SPENCER BBWMROOT1&2 0312-3",547.279747283695
NA,"roots","EB","SW",NA,NA,"O","O",4.3,2109.61410430641,25.4982209130812,-27.1259800871465,-0.844377874499741,NA,NA,"BBWM ROOT 1","C9","NO",391205,145611,"R32","R32",NA,"FROM COPY OF SPENCER BBWMROOT1&2 0312-3",490.607931234049
NA,"roots","EB","SW",NA,NA,"O","O",4.24,2283.83391031977,24.4241157154321,-26.2100336154904,-2.91523546957142,NA,NA,"BBWM ROOT 1","C10","NO",391206,145612,"R33","R33",NA,"FROM COPY OF SPENCER BBWMROOT1&2 0312-3",538.640073188625
NA,"roots","EB","SW",NA,NA,"O","O",4.12,2308.87129885756,21.1959732000829,-26.3895522609657,-0.613897087360743,NA,NA,"BBWM ROOT 1","C11","NO",391207,145613,"R34","R34",NA,"FROM COPY OF SPENCER BBWMROOT1&2 0312-3",560.405655062513
NA,"roots","EB","SW",NA,NA,"B","0-5cm",3.9,2047.83462808003,31.4552056225814,-28.1458675927929,-0.240629091883784,NA,NA,"BBWM ROOT 1","C12","NO",391208,145614,"R35","R35",NA,"FROM COPY OF SPENCER BBWMROOT1&2 0312-3",525.085802071802
NA,"roots","EB","SW",NA,NA,"B","0-5cm",3.9,2283.83391031977,42.2211293852529,-26.8587618359083,-0.107050300768043,NA,NA,"BBWM ROOT 1","D1","NO",391209,145618,"R36","R36",NA,"FROM COPY OF SPENCER BBWMROOT1&2 0312-3",585.598438543531
NA,"roots","EB","SW",NA,NA,"B","0-5cm",4.19,2333.94589860074,41.1622591617999,-27.1453398520199,2.23722186696059,NA,NA,"BBWM ROOT 1","D2","NO",391210,145619,"R37","R37",NA,"FROM COPY OF SPENCER BBWMROOT1&2 0312-3",557.027660763899
NA,"roots","EB","SW",NA,NA,"B","0-5cm",4.06,2271.3291702529,21.5999690042298,-27.5244395442299,-0.343970965573577,NA,NA,"BBWM ROOT 1","D3","NO",391211,145620,"R38","R38",NA,"FROM COPY OF SPENCER BBWMROOT1&2 0312-3",559.440682328301
NA,"roots","EB","SW",NA,NA,"B","0-5cm",4.2,2396.79519698232,21.4653189104579,-25.4919985327476,-0.96630587569004,NA,NA,"BBWM ROOT 1","D4","NO",391212,145621,"R39","R39",NA,"FROM COPY OF SPENCER BBWMROOT1&2 0312-3",570.665523091027
NA,"roots","EB","SW",NA,NA,"B","0-5cm",4.15,2097.23960345843,27.1075577963044,-27.0841038544539,2.44891223012951,NA,NA,"BBWM ROOT 1","D5","NO",391213,145622,"R40","R40",NA,"FROM COPY OF SPENCER BBWMROOT1&2 0312-3",505.358940592394
"skip","roots","EB","SW",NA,NA,"B","0-5cm",4.15,2084.87440541181,25.2969001631228,-26.9570943237736,2.29162532431326,NA,NA,"BBWM ROOT 1","D6","NO",391214,145623,"RR40","R40",NA,"FROM COPY OF SPENCER BBWMROOT1&2 0312-3",502.379374798026
NA,"roots","EB","SW",NA,NA,"B","5-25cm",4.13,2308.87129885756,34.2559308370986,-27.7862012484618,0.487342267932561,NA,NA,"BBWM ROOT 1","D7","NO",391215,145624,"R41","R41",NA,"FROM COPY OF SPENCER BBWMROOT1&2 0312-3",559.048740643476
NA,"roots","EB","SW",NA,NA,"B","5-25cm",4.04,2371.62756922564,33.7229752930877,-26.8418776801057,0.578056629995235,NA,NA,"BBWM ROOT 1","D8","NO",391216,145625,"R42","R42",NA,"FROM COPY OF SPENCER BBWMROOT1&2 0312-3",587.036527036049
NA,"roots","EB","SW",NA,NA,"B","5-25cm",4.09,2233.87076686039,38.9089354030812,-27.6111941431508,2.58970787691532,NA,NA,"BBWM ROOT 1","D9","NO",391217,145626,"R43","R43",NA,"FROM COPY OF SPENCER BBWMROOT1&2 0312-3",546.178671604008
NA,"roots","EB","SW",NA,NA,"B","5-25cm",4.1,2072.51851016653,12.8161504127146,-26.5288758564628,0.0361155493524816,NA,"Precision decreases for samples containing less than 20ugN","BBWM ROOT 1","D10","NO",391218,145627,"R44","R44",NA,"FROM COPY OF SPENCER BBWMROOT1&2 0312-3",505.492319552813
NA,"roots","EB","SW",NA,NA,"B","5-25cm",3.9,2097.23960345843,26.1690434976066,-27.3757810867494,1.0808174839244,NA,NA,"BBWM ROOT 1","D11","NO",391219,145628,"R45","R45",NA,"FROM COPY OF SPENCER BBWMROOT1&2 0312-3",537.753744476522
NA,"roots","EB","SW",NA,NA,"B","5-25cm",4.33,2146.79342365844,29.5843377816834,-27.0067790847754,3.75626070151149,NA,NA,"BBWM ROOT 1","D12","NO",391220,145629,"R46","R46",NA,"FROM COPY OF SPENCER BBWMROOT1&2 0312-3",495.795247958068
NA,"roots","EB","SW",NA,NA,"B","25-50cm",4.25,2072.51851016653,26.3031624916804,-28.0322500941685,0.543094392747262,NA,NA,"BBWM ROOT 1","E1","NO",391221,145636,"R47","R47",NA,"FROM COPY OF SPENCER BBWMROOT1&2 0312-3",487.651414156831
NA,"roots","EB","SW",NA,NA,"B","25-50cm",3.97,2271.3291702529,28.5139351076437,-26.9747381273003,3.5232509838389,NA,NA,"BBWM ROOT 1","E2","NO",391222,145637,"R48","R48",NA,"FROM COPY OF SPENCER BBWMROOT1&2 0312-3",572.123216688388
NA,"roots","EB","SW",NA,NA,"B","25-C",4.28,2346.49715267436,27.0405457188834,-27.4086688347474,0.735435544271281,NA,NA,"BBWM ROOT 1","E3","NO",391223,145638,"R49","R49",NA,"FROM COPY OF SPENCER BBWMROOT1&2 0312-3",548.246998288401
NA,"roots","EB","SW",NA,NA,"B","25-50cm",3.96,2359.05770954932,22.3402732797722,-27.9765952731627,1.79785567199474,NA,NA,"BBWM ROOT 1","E4","NO",391224,145639,"R50","R50",NA,"FROM COPY OF SPENCER BBWMROOT1&2 0312-3",595.721643825586
NA,"roots","EB","SW",NA,NA,"B","25-50cm",4.1,2023.18795719892,33.5230543701907,-27.392255125151,2.40310583979785,NA,NA,"BBWM ROOT 1","E5","NO",391225,145640,"R51","R51",NA,"FROM COPY OF SPENCER BBWMROOT1&2 0312-3",493.46047736559
NA,"roots","EB","SW",NA,NA,"B","25-C",4.02,2109.61410430641,15.8639582033179,-27.2533978766413,0.616239405133369,NA,"Precision decreases for samples containing less than 20ugN","BBWM ROOT 1","E6","NO",391226,145641,"R52","R52",NA,"FROM COPY OF SPENCER BBWMROOT1&2 0312-3",524.779627936918
NA,"roots","EB","SW",NA,NA,"B","50-C",4.11,2146.79342365844,27.9783695879737,-26.2478205281152,-0.188605660348194,NA,NA,"BBWM ROOT 1","E7","NO",391227,145642,"R53","R53",NA,"FROM COPY OF SPENCER BBWMROOT1&2 0312-3",522.334166340252
NA,"roots","EB","SW",NA,NA,"B","50-C",4.12,2121.99790795574,39.9035894096666,-27.5869054545796,1.67024269499578,NA,NA,"BBWM ROOT 1","E8","NO",391228,145643,"R54","R54",NA,"FROM COPY OF SPENCER BBWMROOT1&2 0312-3",515.048035911586
NA,"roots","EB","SW",NA,NA,"B","50-C",3.89,2184.0564682226,21.5326458541285,-27.3268911130075,1.25198189109524,NA,NA,"BBWM ROOT 1","E9","NO",391229,145644,"R55","R55",NA,"FROM COPY OF SPENCER BBWMROOT1&2 0312-3",561.454104941544
NA,"roots","EB","SW",NA,NA,"B","50-C",4.22,2171.62615056653,34.1893246715897,-27.0770164565043,3.82066900024421,NA,NA,"BBWM ROOT 1","E10","NO",391230,145645,"R56","R56",NA,"FROM COPY OF SPENCER BBWMROOT1&2 0312-3",514.603353214818
NA,"roots","WB","HW",NA,NA,"O","O",4.28,2084.87440541181,61.0496677297112,-27.5399058749369,1.24684738655778,NA,NA,"BBWM ROOT 1","E11","NO",391231,145646,"R57","R57",NA,"FROM COPY OF SPENCER BBWMROOT1&2 0312-3",487.120188180329
NA,"roots","WB","HW",NA,NA,"O","O",4,2159.20513571181,55.7019702953111,-28.9720459990056,1.3822076003854,NA,NA,"BBWM ROOT 1","E12","NO",391232,145647,"R58","R58",NA,"FROM COPY OF SPENCER BBWMROOT1&2 0312-3",539.801283927952
NA,"roots","WB","HW",NA,NA,"O","O",4.5,2384.2067317033,75.6564122005558,-29.131702608646,2.78133293874654,NA,NA,"BBWM ROOT 1","F1","NO",391233,145651,"R59","R59",NA,"FROM COPY OF SPENCER BBWMROOT1&2 0312-3",529.823718156289
NA,"roots","WB","HW",NA,NA,"O","O",4.08,2072.51851016653,40.6986980567129,-27.2644552685131,1.64707247367827,NA,NA,"BBWM ROOT 1","F2","NO",391234,145652,"R60","R60",NA,"FROM COPY OF SPENCER BBWMROOT1&2 0312-3",507.970223080032
"skip","roots","WB","HW",NA,NA,"O","O",4.07,1986.28772188738,38.7762503781922,-27.2849297555645,1.46567193349158,NA,NA,"BBWM ROOT 1","F3","NO",391235,145653,"RR60","R60",NA,"FROM COPY OF SPENCER BBWMROOT1&2 0312-3",488.03138129911
NA,"roots","WB","HW",NA,NA,"O","O",4.44,2296.34795318799,43.3451149014909,-27.9095523396619,2.50218463885697,NA,NA,"BBWM ROOT 1","F4","NO",391236,145654,"R61","R61",NA,"FROM COPY OF SPENCER BBWMROOT1&2 0312-3",517.195484952249
NA,"roots","WB","HW",NA,NA,"O","O",4.15,2146.79342365844,56.6167975474748,-28.8094126586228,4.25093504667866,NA,NA,"BBWM ROOT 1","F5","NO",391237,145655,"R62","R62",NA,"FROM COPY OF SPENCER BBWMROOT1&2 0312-3",517.299620158659
NA,"roots","WB","HW",NA,NA,"B","0-5cm",4.13,2271.3291702529,59.2264926417003,-27.6723390404357,1.86979904530918,NA,NA,"BBWM ROOT 1","F6","NO",391238,145656,"R63","R63",NA,"FROM COPY OF SPENCER BBWMROOT1&2 0312-3",549.958636865109
NA,"roots","WB","HW",NA,NA,"B","0-5cm",4.15,2084.87440541181,53.6736353652385,-28.656593057994,2.54740385097194,NA,NA,"BBWM ROOT 1","F7","NO",391239,145657,"R64","R64",NA,"FROM COPY OF SPENCER BBWMROOT1&2 0312-3",502.379374798026
NA,"roots","WB","HW",NA,NA,"B","0-5cm",4.13,2109.61410430641,70.5080376288758,-27.9283581906669,4.7510530144858,NA,NA,"BBWM ROOT 1","F8","NO",391240,145658,"R65","R65",NA,"FROM COPY OF SPENCER BBWMROOT1&2 0312-3",510.802446563296
NA,"roots","WB","HW",NA,NA,"B","0-5cm",4.25,2308.87129885756,40.4999721081365,-26.5901651194078,1.38414090496389,NA,NA,"BBWM ROOT 1","F9","NO",391241,145659,"R66","R66",NA,"FROM COPY OF SPENCER BBWMROOT1&2 0312-3",543.263835025307
NA,"roots","WB","HW",NA,NA,"B","0-5cm",4.06,1998.57849752321,41.2946710497014,-27.8346062333802,2.82946578599814,NA,NA,"BBWM ROOT 1","F10","NO",391242,145660,"R67","R67",NA,"FROM COPY OF SPENCER BBWMROOT1&2 0312-3",492.260713675668
NA,"roots","WB","HW",NA,NA,"B","0-5cm",4.37,2346.49715267436,55.5712199907508,-28.921996069863,3.81073356661802,NA,NA,"BBWM ROOT 1","F11","NO",391243,145661,"R68","R68",NA,"FROM COPY OF SPENCER BBWMROOT1&2 0312-3",536.955870177198
NA,"roots","WB","HW",NA,NA,"B","5-25cm",4.44,2346.49715267436,54.0665008371415,-27.9676165949771,2.07558037586257,NA,NA,"BBWM ROOT 1","F12","NO",391244,145662,"R69","R69",NA,"FROM COPY OF SPENCER BBWMROOT1&2 0312-3",528.490349701431
NA,"roots","WB","HW",NA,NA,"B","5-25cm",4.46,2485.1749323732,53.6081445090956,-28.9381143277077,2.94763717208652,NA,NA,"BBWM ROOT 1","G1","NO",391245,145666,"R70","R70",NA,"FROM COPY OF SPENCER BBWMROOT1&2 0312-3",557.214110397579
NA,"roots","WB","HW",NA,NA,"B","5-25cm",4.2,2333.94589860074,65.5945935071357,-28.0953058513974,4.13351733903796,NA,NA,"BBWM ROOT 1","G2","NO",391246,145667,"R71","R71",NA,"FROM COPY OF SPENCER BBWMROOT1&2 0312-3",555.701404428747
NA,"roots","WB","HW",NA,NA,"B","5-25cm",4.22,2258.83373298738,36.5182832906846,-27.14536823143,2.32794610699649,NA,NA,"BBWM ROOT 1","G3","NO",391247,145668,"R72","R72",NA,"FROM COPY OF SPENCER BBWMROOT1&2 0312-3",535.268657106015
NA,"roots","WB","HW",NA,NA,"B","5-25cm",4.05,2121.99790795574,40.2349510667315,-28.4102897288378,2.66270765573566,NA,NA,"BBWM ROOT 1","G4","NO",391248,145669,"R73","R73",NA,"FROM COPY OF SPENCER BBWMROOT1&2 0312-3",523.950100729811
NA,"roots","WB","HW",NA,NA,"B","5-25cm",4.39,2333.94589860074,44.1378563613115,-28.1786772666523,4.00099500532315,NA,NA,"BBWM ROOT 1","G5","NO",391249,145670,"R74","R74",NA,"FROM COPY OF SPENCER BBWMROOT1&2 0312-3",531.650546378301
NA,"roots","WB","HW",NA,NA,"B","25-50cm",4.5,2346.49715267436,48.4881697430185,-27.5675599036251,1.76992252937618,NA,NA,"BBWM ROOT 1","G6","NO",391250,145671,"R75","R75",NA,"FROM COPY OF SPENCER BBWMROOT1&2 0312-3",521.443811705412
NA,"roots","WB","HW",NA,NA,"B","25-50cm",4,2097.23960345843,34.3891317874086,-26.3266086011446,1.2596040805346,NA,NA,"BBWM ROOT 1","G7","NO",391251,145672,"R76","R76",NA,"FROM COPY OF SPENCER BBWMROOT1&2 0312-3",524.309900864609
NA,"roots","WB","HW",NA,NA,"B","25-50cm",4.11,2159.20513571181,53.1496022961553,-27.7928553398964,3.30388412621769,NA,NA,"BBWM ROOT 1","G8","NO",391252,145673,"R77","R77",NA,"FROM COPY OF SPENCER BBWMROOT1&2 0312-3",525.354047618445
NA,"roots","WB","HW",NA,NA,"B","25-50cm",4.29,2371.62756922564,39.9698693282181,-26.7628194257028,2.5198395677929,NA,NA,"BBWM ROOT 1","G9","NO",391253,145674,"R78","R78",NA,"FROM COPY OF SPENCER BBWMROOT1&2 0312-3",552.826939213435
NA,"roots","WB","HW",NA,NA,"B","25-50cm",4.3,2359.05770954932,19.7809124086801,-26.3488552815424,0.903536350706696,NA,"Precision decreases for samples containing less than 20ugN","BBWM ROOT 1","G10","NO",391254,145675,"R79","R79",NA,"FROM COPY OF SPENCER BBWMROOT1&2 0312-3",548.618071988214
NA,"roots","WB","HW",NA,NA,"B","25-50cm",4.21,2072.51851016653,39.5058302334028,-28.3082192760525,3.53238839102535,NA,NA,"BBWM ROOT 1","G11","NO",391255,145676,"R80","R80",NA,"FROM COPY OF SPENCER BBWMROOT1&2 0312-3",492.28468174977
"skip","roots","WB","HW",NA,NA,"B","25-50cm",4.1,2072.51851016653,39.174259930028,-28.2987033604368,3.60853118197226,NA,NA,"BBWM ROOT 1","G12","NO",391256,145677,"RR80","R80",NA,"FROM COPY OF SPENCER BBWMROOT1&2 0312-3",505.492319552813
NA,"roots","WB","HW",NA,NA,"B","50-C",4.11,2023.18795719892,38.5108348055829,-28.3577772602182,1.92354909375673,NA,NA,"BBWM ROOT 1","H1","NO",391257,145680,"R81","R81",NA,"FROM COPY OF SPENCER BBWMROOT1&2 0312-3",492.25984360071
NA,"roots","WB","HW",NA,NA,"B","50-C",4,2134.39101440641,46.3150786506336,-27.5000790284851,3.1601638466821,NA,NA,"BBWM ROOT 1","H2","NO",391258,145681,"R82","R82",NA,"FROM COPY OF SPENCER BBWMROOT1&2 0312-3",533.597753601603
NA,"roots","WB","HW",NA,NA,"B","50-C",4.02,2196.49608868003,51.7728603479685,-27.4840515803612,3.06924378849514,NA,NA,"BBWM ROOT 1","H3","NO",391259,145682,"R83","R83",NA,"FROM COPY OF SPENCER BBWMROOT1&2 0312-3",546.392061860703
NA,"roots","WB","HW",NA,NA,"B","50-C",4.09,2146.79342365844,35.1880188294497,-26.766225763159,2.37789855145064,NA,NA,"BBWM ROOT 1","H4","NO",391260,145683,"R84","R84",NA,"FROM COPY OF SPENCER BBWMROOT1&2 0312-3",524.888367642649
NA,"roots","WB","HW",NA,NA,"B","50-C",4.48,2271.3291702529,43.6094227518728,-27.244547751094,2.96064736503622,NA,NA,"BBWM ROOT 1","H5","NO",391261,145684,"R85","R85",NA,"FROM COPY OF SPENCER BBWMROOT1&2 0312-3",506.993118360022
NA,"roots","WB","HW",NA,NA,"B","50-C",4.47,2246.34759852321,49.3431016537154,-28.4292032445398,2.99025664936169,NA,NA,"BBWM ROOT 1","H6","NO",391262,145685,"R86","R86",NA,"FROM COPY OF SPENCER BBWMROOT1&2 0312-3",502.538612645014
NA,"roots","WB","SW",NA,NA,"O","O",4.09,2283.83391031977,55.1788780314073,-26.3693414380094,2.08366229163329,NA,NA,"BBWM ROOT 1","H7","NO",391263,145686,"R87","R87",NA,"FROM COPY OF SPENCER BBWMROOT1&2 0312-3",558.394599100188
NA,"roots","WB","SW",NA,NA,"O","O",4.06,2196.49608868003,54.8518220754661,-26.440488948374,3.64825397896908,NA,NA,"BBWM ROOT 1","H8","NO",391264,145687,"R88","R88",NA,"FROM COPY OF SPENCER BBWMROOT1&2 0312-3",541.008888837445
NA,"roots","WB","SW",NA,NA,"O","O",3.95,2072.51851016653,48.8170655800566,-26.5272843223633,2.14544886758085,NA,NA,"BBWM ROOT 1","H9","NO",391265,145688,"R89","R89",NA,"FROM COPY OF SPENCER BBWMROOT1&2 0312-3",524.688230421907
NA,"roots","WB","SW",NA,NA,"O","O",4.11,2258.83373298738,27.7104957824762,-26.6100240004372,0.0160635969285947,NA,NA,"BBWM ROOT 1","H10","NO",391266,145689,"R90","R90",NA,"FROM COPY OF SPENCER BBWMROOT1&2 0312-3",549.594582235373
NA,"roots","WB","SW",NA,NA,"O","O",4.25,2146.79342365844,30.9877674896984,-27.2580939315025,2.76535945924377,NA,NA,"BBWM ROOT 1","H11","NO",391267,145690,"R91","R91",NA,"FROM COPY OF SPENCER BBWMROOT1&2 0312-3",505.12786439022
NA,"roots","WB","SW",NA,NA,"O","O",4.3,2221.40323799892,26.1690434976066,-26.6602832183233,1.34250167330488,NA,NA,"BBWM ROOT 1","H12","NO",391268,145691,"R92","R92",NA,"FROM COPY OF SPENCER BBWMROOT1&2 0312-3",516.605404185795
NA,"roots","WB","SW",NA,NA,"B","0-5cm",4.31,2283.83391031977,48.5539564975647,-26.5274666566381,1.3867374295591,NA,NA,"BBWM ROOT 2","A2","NO",391270,145696,"R93","R93",NA,"FROM COPY OF SPENCER BBWMROOT1&2 0312-3",529.89185854287
NA,"roots","WB","SW",NA,NA,"B","0-5cm",3.9,2047.83462808003,40.1686863224571,-27.6378364212671,2.97782867137928,NA,NA,"BBWM ROOT 2","A3","NO",391271,145697,"R94","R94",NA,"FROM COPY OF SPENCER BBWMROOT1&2 0312-3",525.085802071802
NA,"roots","WB","SW",NA,NA,"B","0-5cm",4.13,2184.0564682226,39.8373056975458,-26.8562943831502,2.85525297602615,NA,NA,"BBWM ROOT 2","A4","NO",391272,145698,"R95","R95",NA,"FROM COPY OF SPENCER BBWMROOT1&2 0312-3",528.827232015159
NA,"roots","WB","SW",NA,NA,"B","0-5cm",4.06,2060.1719177226,24.8270189716287,-26.2732678136198,0.451193158349647,NA,NA,"BBWM ROOT 2","A5","NO",391273,145699,"R96","R96",NA,"FROM COPY OF SPENCER BBWMROOT1&2 0312-3",507.431506828228
NA,"roots","WB","SW",NA,NA,"B","0-5cm",3.99,2146.79342365844,40.4337225381391,-27.8529620336834,3.43032618705079,NA,NA,"BBWM ROOT 2","A6","NO",391274,145700,"R97","R97",NA,"FROM COPY OF SPENCER BBWMROOT1&2 0312-3",538.043464576049
NA,"roots","WB","SW",NA,NA,"B","0-5cm",4.13,2109.61410430641,22.3402732797722,-26.5636459632426,0.857455835326266,NA,NA,"BBWM ROOT 2","A7","NO",391275,145701,"R98","R98",NA,"FROM COPY OF SPENCER BBWMROOT1&2 0312-3",510.802446563296
NA,"roots","WB","SW",NA,NA,"B","5-25cm",4.23,2171.62615056653,40.7649324524331,-25.9979940377259,1.67628996549234,NA,NA,"BBWM ROOT 2","A8","NO",391276,145702,"R99","R99",NA,"FROM COPY OF SPENCER BBWMROOT1&2 0312-3",513.386796824239
NA,"roots","WB","SW",NA,NA,"B","5-25cm",3.9,1937.21764735755,38.5771943890892,-27.9559940630562,2.3840427783367,NA,NA,"BBWM ROOT 2","A9","NO",391277,145703,"R100","R100",NA,"FROM COPY OF SPENCER BBWMROOT1&2 0312-3",496.722473681424
"skip","roots","WB","SW",NA,NA,"B","5-25cm",4.3,2283.83391031977,46.0513929456123,-28.0253827211548,2.53394933696323,NA,NA,"BBWM ROOT 2","A10","NO",391278,145704,"RR100","R100",NA,"FROM COPY OF SPENCER BBWMROOT1&2 0312-3",531.124165190644
NA,"roots","WB","SW",NA,NA,"B","5-25cm",4.31,2308.87129885756,41.0298320996214,-26.893156666593,2.8638612013185,NA,NA,"BBWM ROOT 2","A11","NO",391279,145705,"R101","R101",NA,"FROM COPY OF SPENCER BBWMROOT1&2 0312-3",535.700997414746
NA,"roots","WB","SW",NA,NA,"B","5-25cm",4.14,2060.1719177226,16.6754095467877,-25.1185884578901,0.420817448139326,NA,"Precision decreases for samples containing less than 20ugN","BBWM ROOT 2","A12","NO",391280,145706,"R102","R102",NA,"FROM COPY OF SPENCER BBWMROOT1&2 0312-3",497.626067082755
NA,"roots","WB","SW",NA,NA,"B","5-25cm",4.2,2072.51851016653,32.5896386285944,-27.5856935299359,3.07321736719473,NA,NA,"BBWM ROOT 2","B1","NO",391281,145710,"R103","R103",NA,"FROM COPY OF SPENCER BBWMROOT1&2 0312-3",493.456788134888
NA,"roots","WB","SW",NA,NA,"B","5-25cm",4,2072.51851016653,16.0668722523705,-26.8037988163669,0.943799966051247,NA,"Precision decreases for samples containing less than 20ugN","BBWM ROOT 2","B2","NO",391282,145711,"R104","R104",NA,"FROM COPY OF SPENCER BBWMROOT1&2 0312-3",518.129627541633
NA,"roots","WB","SW",NA,NA,"B","25-50cm",4.32,2258.83373298738,40.6324598674234,-27.9228587002186,3.26023998410752,NA,NA,"BBWM ROOT 2","B3","NO",391283,145712,"R105","R105",NA,"FROM COPY OF SPENCER BBWMROOT1&2 0312-3",522.878178932264
NA,"roots","WB","SW",NA,NA,"B","25-50cm",4.27,2409.39296506268,40.6324598674234,-27.1959963463924,2.70421386630921,NA,NA,"BBWM ROOT 2","B4","NO",391284,145713,"R106","R106",NA,"FROM COPY OF SPENCER BBWMROOT1&2 0312-3",564.260647555663
NA,"roots","WB","SW",NA,NA,"B","25-C",4.27,2208.9450119388,40.2349510667315,-25.4255445133209,1.60944070002882,NA,NA,"BBWM ROOT 2","B5","NO",391285,145714,"R107","R107",NA,"FROM COPY OF SPENCER BBWMROOT1&2 0312-3",517.317333006745
NA,"roots","WB","SW",NA,NA,"B","25-50cm",4.34,2233.87076686039,19.5111873413778,-25.775760287618,1.90195167829888,NA,"Precision decreases for samples containing less than 20ugN","BBWM ROOT 2","B6","NO",391286,145715,"R108","R108",NA,"FROM COPY OF SPENCER BBWMROOT1&2 0312-3",514.716766557694
NA,"roots","WB","SW",NA,NA,"B","25-50cm",4.08,2109.61410430641,24.558431975108,-26.7134249801514,2.1098572132325,NA,NA,"BBWM ROOT 2","B7","NO",391287,145716,"R109","R109",NA,"FROM COPY OF SPENCER BBWMROOT1&2 0312-3",517.062280467258
NA,"roots","WB","SW",NA,NA,"B","25-C",4,2047.83462808003,16.9457719337277,-25.1179216176562,0.475958697160455,NA,"Precision decreases for samples containing less than 20ugN","BBWM ROOT 2","B8","NO",391288,145717,"R110","R110",NA,"FROM COPY OF SPENCER BBWMROOT1&2 0312-3",511.958657020007
NA,"roots","WB","SW",NA,NA,"B","50-C",4.15,2060.1719177226,42.2211293852529,-27.6342059705642,3.52971022394917,NA,NA,"BBWM ROOT 2","B9","NO",391289,145718,"R111","R111",NA,"FROM COPY OF SPENCER BBWMROOT1&2 0312-3",496.426968125929
NA,"roots","WB","SW",NA,NA,"B","50-C",4.3,2258.83373298738,31.5219673244305,-26.7475411105479,2.2038265170102,NA,NA,"BBWM ROOT 2","B10","NO",391290,145719,"R112","R112",NA,"FROM COPY OF SPENCER BBWMROOT1&2 0312-3",525.310170462182
NA,"roots","WB","SW",NA,NA,"B","50-C",4.22,2010.87857596039,22.7438821398534,-25.4369320556679,1.78562031372312,NA,NA,"BBWM ROOT 2","B11","NO",391291,145720,"R113","R113",NA,"FROM COPY OF SPENCER BBWMROOT1&2 0312-3",476.511510891088
NA,"roots","WB","SW",NA,NA,"B","50-C",4.06,2097.23960345843,15.1196479186243,-25.4494079953885,1.51630049922691,NA,"Precision decreases for samples containing less than 20ugN","BBWM ROOT 2","B12","NO",391292,145721,"R114","R114",NA,"FROM COPY OF SPENCER BBWMROOT1&2 0312-3",516.561478684344
